"",RF,SVR,RKHS,GBLUP
rpa_shuff_1,0.501050115808236,0.501304429963344,0.506550495784046,0.4402662242915
rpa_shuff_2,0.498369163469356,0.533174629559417,0.535628406067343,0.447046876105351
rpa_mean,0.499709639638796,0.517239529761381,0.521089450925695,0.443656550198426
rpa_sd,0.00189571957885998,0.022535634252152,0.0205611875440533,0.00479464487843892
