"",RF,SVR,RKHS,GBLUP
rpa_shuff_1,0.810470146472243,0.758581859568656,0.754765878088681,0.737526232415129
rpa_shuff_2,0.751829759608317,0.747959104230602,0.746743876772038,0.731072336767333
rpa_mean,0.78114995304028,0.753270481899629,0.75075487743036,0.734299284591231
rpa_sd,0.0414650152028846,0.00751142233442359,0.00567241152968567,0.00456359337762696
