Genotype,Color_over,Flowering_begin,Flowering_end,Flowering_full,Flowering_intensity,Fruit_number,Fruit_weight_single,Fruit_weight,Harvest_date,Powdery_mildew,Russet_freq_all,Sample_size,Scab_fruits,Scab,Trunk_diameter,Trunk_increment,Weight_sample
1,0.649623786457769,8.68267735496756,8.65637893247634,7.24608536235962,-15.3530029862207,-23.5345103752058,-42.6584013379317,-4.05819764868955,-4.06677448605298,-0.255244649595378,21.7421546976624,-2.17957584614424,,-0.449388641579405,-1.96292826568303,-0.428495172960321,-1.01095578155239
101,0.0592090234003532,-3.84493746119092,-2.00097240820205,-2.02999378781504,-1.45914561680996,-5.13103561147881,-30.5404405012568,-2.02052193799132,14.5575298329531,-0.163730389479724,-1.49083220428457,0.68128817829655,-0.0830654913578452,0.221028975035418,-6.85615330205249,-1.37868744848624,-0.355129546305128
1015,0.722372825592165,0.235579499791349,-2.33586365892715,1.36112745786237,-6.93569678571576,-17.911146950458,14.5531192136855,-2.61143834789833,-0.822253472686092,-0.320038970508314,8.32077552425441,-2.61752317495651,0.0185556436118144,-0.240756494117008,-0.03266879536233,-0.645538625806211,-0.510169747711929
1020,-0.281755394193149,2.86624271005982,0.922977037055546,0.964968275562029,10.7940111413375,-14.616230367273,11.5225171551777,-1.67751593823033,11.4374378009106,-0.264280635900543,16.2286956604088,-1.06116917399825,0.00274401125379841,-0.0827771844450663,-5.58154446461423,-1.45501572190367,0.298513768405966
1091,-1.48579523042651,8.97374907953307,,,-21.8599862414383,-4.05203920413573,-32.0390943132465,-1.69679332753965,-10.1716279118933,-0.197044483358427,14.1013464476582,0.335564593076118,,0.32987503283684,-2.2853229725357,-0.589580337470791,-0.758055886509001
1106.1,-0.12238202559442,-2.948595163882,-1.79930124365318,-2.63001054552361,-4.73266389302068,-15.4258343250991,23.7981813085915,-1.93766438088873,-37.7681414922214,-0.65555891697726,-1.07796273078881,-1.56859784904409,,-0.171997897551893,0.742702924989003,-0.0269298677939043,0.102217373554693
1113,2.3974163247546,2.2470524870994,1.77959359437465,2.32527529870365,3.95842740593863,-0.0356498475147131,14.8038230708379,1.15408273729659,13.0800993595398,0.00430734889324513,-1.53402037797779,0.413644437416846,,0.434973287087428,1.05583082854999,0.840275506942735,0.552630830420949
112,1.74610927028112,-1.58482063261742,-0.231533895581467,0.0630371510123934,-1.07132019027856,-13.5799146735974,5.09034656020012,-2.2765378570654,18.3956495232741,-0.621738396613236,-12.7138252826935,-0.521143489664702,-0.00012505499922406,-0.128896538702078,-7.00001404306088,-1.60940338641169,0.0702147552551351
1123,-0.518830471884835,4.39182420676568,2.2304333146892,1.84979940606465,-3.9249535447435,18.8964291385072,-24.6294937910122,1.20148346118897,26.4474309223998,-0.128626481998956,-11.7950435184299,0.381865165054907,,0.30029658797076,2.69066110891778,-0.123127225626012,-0.265762428967497
1125,0.623453840735078,-3.32391165898075,-4.18369137148818,-2.85844891620785,22.435566827421,20.4442033636259,-13.6225015897452,3.02968056202071,38.0692810144148,0.00873575355829219,-29.3168540736629,1.63092873041859,0.0025373092668854,0.786111703166241,1.31860630376396,0.843044762286137,0.204638685367944
114,-1.45122956379283,0.035352066626296,-4.3593274271837,1.23547331396451,6.81411317256779,-0.251278620217642,-16.2071897083748,-0.708950902679078,-1.34323439695508,-0.37797646869498,22.5980133854422,0.614419976247197,0.00282494675157042,-0.125665570130586,2.92649421749913,0.503810271224524,-0.362648296252882
118,-1.99864277219881,-0.998529487546683,1.04208299364291,0.495841182476285,1.08166199869059,-15.6355471117679,6.70348063342138,-1.99151786215394,17.5188289568887,-0.37599188875572,20.9033464536746,-0.511192842752604,,-0.0191853081876522,-2.29617979368732,-0.147804458320675,-0.016182411131359
12_196,1.17261622770073,-4.04571595738846,-1.50937705621601,-1.07887105533607,7.53726708141127,15.0682537996336,23.7327534303001,3.56520107006143,10.1781807989463,0.520202772611725,4.06792140436161,1.09838759217556,0.00120270827238175,-0.0242369613719121,7.60170894692811,1.56557207712822,0.397127389691439
12_197,0.645198889401795,-0.636434571539197,-1.79763874403835,-0.48573597377203,3.34445118473878,4.03584445980765,-27.7159712912952,0.173835072312552,9.20475018150059,0.632666175913393,7.01289993831974,0.906006503645018,0.00773108167401691,-0.298257415763473,5.76391186732099,0.87213797538011,-0.298571945592068
12_204,1.64490540974092,-0.34740504012065,-0.759430273018256,-0.0145968325253296,9.885725233509,-15.9722224701341,27.2964793635823,-1.71374426863844,7.4281955445789,0.188699778124587,-12.8373585141646,-0.446905738823622,0.00160066881068711,-0.0462146737075042,0.0616139189085483,0.308654563567771,0.344561700881506
12_205,1.23878686630562,-0.899197120878606,-2.18895448628473,-1.22199020363715,12.8938842502498,-5.41454708082602,14.7731294826841,0.0908334296602709,11.0800042678586,1.92096618492032,7.82534556805602,0.769129731495559,,-0.459871816012484,3.53697080507083,0.74809355339602,0.465389288460527
12_B006,-2.01228890776174,-0.365868369718848,-1.35540939435189,-0.580053963105224,-2.9212359746998,-1.8172497499378,15.3377907228161,0.319764190445326,-1.06292602027584,-0.384887550043339,22.8543515849136,0.394442643767792,,0.124848480946051,-3.61480809415884,-0.50612430563357,0.270127851560178
12_B020,0.130204769425111,-3.69237207035494,-1.98854466198688,-2.73951144009551,2.67463307447468,6.71339606449777,-10.6793338821681,1.04460811260094,10.1161278492367,-0.0375415735405703,19.4954384141655,0.296655272382329,0.00753928605698428,-0.237802455421849,0.775481055630213,-0.176830020985655,0.00613879369702288
12_B023,-1.75086415080382,0.819546252044154,1.912710378848,0.339727124365981,-9.48643407104558,0.639083160297387,-14.5796327533634,-1.28774719355996,-0.685342058474567,-0.695028063769169,23.4405259642407,0.130292456068116,,0.0831958772699666,1.02185471612771,0.304509851982983,-0.221825334760421
12_B057,0.879299465455842,-1.0033495254643,-0.933454987780205,-0.471474916543175,-8.11432202721963,1.75290354228564,6.29673208389681,0.145962701801873,6.02863212100566,0.0331104038501252,6.61357148927294,0.9018130981999,,0.0897483122662295,5.83510557412117,1.62757077383365,0.330693069377704
12_B061,-1.95206553106535,-1.18918691813499,-0.0934508677829181,-2.93702448425871,-9.4989749356338,13.6281714739751,6.81980275871091,1.65293080469094,2.28785751814006,-0.708556799542888,-9.13735642927531,0.584328793142218,,-0.119143024047322,-0.223073828079707,0.127938437644111,0.120796677807739
12_B064,-1.34339422865391,-4.21217277788883,-0.304647717970886,0.0582448889526037,5.40164127657943,4.0465957686503,13.0410704156228,0.839555775903996,4.37685257196901,-0.100882767710988,15.4199490408037,0.260786075699538,-0.000781673945792261,-0.245616116587036,-0.656703766288362,-0.176794132350122,0.0894792988899586
12_B074,-2.10299115298145,-0.177399757085466,0.0750802592453587,-0.790940265307673,-1.48601579958153,12.7520931104875,44.7580567839953,4.04241236436479,2.94911959131417,-0.323931606158293,-9.20013981951846,0.841367570649274,0.0173290058790724,-0.0232072069305513,-0.123711602308446,-0.0664115500222204,1.16314874185502
12_B081,-1.78072121044077,-1.20345040621928,-0.29993819370355,0.66234669977186,-5.2153764176405,-13.8721510504218,87.1196044430415,1.25661731756033,13.5937550200849,-0.28894424192895,18.9962444431076,-0.17875416809993,0.0109538490621619,-0.291245603031524,-2.72971187697092,-0.666255881099398,1.63683144644401
12_B093,-1.80229547960863,-0.94518926087643,1.46808202992365,1.19345259959103,-5.22406335988732,-7.44169133637666,-9.76041752066603,-1.47286183294213,-1.37383795262502,-0.0770017406292258,22.8658994168816,-0.428020377546437,,-0.102616739719381,4.61691756331268,1.12796073447678,-0.0753713966164576
12_B095,-0.148964124803126,-0.214963159749344,2.63211385771568,2.47353939942838,-10.1267355725848,-3.61811050574976,-12.4640796977802,-0.906699048581355,-7.62704101658051,0.00965309641690149,11.2164101115494,0.5029910359555,0.01804833004029,-0.18172117652024,0.954452246239797,0.270646496659735,-0.086977548080938
12_E003,-2.04891950419168,-3.65475574443954,-4.61177473666198,-3.3263286506976,-0.680968369727476,-5.18518869041091,2.16598086280771,-0.0492990909888915,-14.6605103874078,-0.0952460482038487,26.540185544023,1.39596680304409,,-0.367213971239188,-3.47943468547904,-0.494268518465916,0.39885295227768
12_E014,-0.00572534185308036,-2.82107836555665,0.5581633484987,-0.724444768498236,6.61504852173685,14.9230106680899,-26.1705315880182,1.03729222450926,5.8668461042882,-0.395493510764264,11.1688507579686,0.670446933564383,0.00326546244390644,-0.284183526251622,-1.51246037896536,0.239929681679985,-0.32006978797298
12_E015,0.383081104402307,-0.498604023410606,-1.52097450827978,-1.88878111691342,7.11813001496608,-17.4948788595327,34.2897788447718,-1.6565533497496,10.7234891117495,0.138029602320582,29.5008163738399,-0.0521647575673405,,-0.116310360940315,-5.48404192712495,-1.30969434644515,0.533749662878267
12_E017,-2.01116658360579,-3.30857738164151,-1.94109921619782,-1.12937707893922,4.16607407545806,6.08580606555604,-12.2014753832242,0.657483752084609,4.59282419573881,-0.423809893674178,14.4258654349909,0.577498938633175,,-0.0281357704531156,1.54046575441143,1.30971736202737,-0.0824855313140472
12_E024,-2.13507956109268,1.65643656164923,-0.405892288829394,0.273084010508701,-6.85771604044534,-11.0830555776295,26.4724112353048,-0.412935810274947,22.3731694575527,-0.0766541353072107,21.3990352560229,0.402407121426901,,-0.120996658522182,2.29465051326236,0.86185453961518,0.547466189914788
12_E025,-1.99165867691211,0.990587427467481,-0.350879368641945,-0.412431853959001,14.3634664929888,-8.06614658725286,32.7624419436666,0.519714478831574,39.0805474915335,-0.907021603593652,27.717096399267,1.33724126413955,,-0.396496516032857,0.191201118487397,0.642268751617689,0.74565556356851
12_E034,-1.86467770731471,2.9229387895609,-0.963972647696523,0.253180989036167,1.72675919034585,5.76957555127219,35.4450958326228,2.45490580305534,20.2088149667698,-0.342616863244163,-28.2119991499469,1.48249833017622,,-0.0610939404643147,1.0402666451365,-0.019297276866817,0.792867019846394
12_E035,-2.26183680442057,0.0913781294130335,-1.67808421260956,-1.41242223687832,-4.88329738000897,4.2597813423341,22.4389351577615,1.11046422872037,12.8361988412834,-1.19071596899852,5.2758402286825,1.30832682900137,,-0.383832007030459,-0.870879562953104,0.222763377590689,0.624028175125767
12_E039,-1.98169969615702,0.777346516246922,-1.6321722699855,-2.28860117565736,15.8236876659426,0.45440334054008,17.8700656549965,0.916077071444816,34.5745871507142,-0.0507271927748592,29.9790745440248,0.216325999427361,,-0.435827237581859,0.528565463003392,0.277376816357729,0.453097924458334
12_E043,0.390111767743342,-4.95832635033838,-5.62590472638105,-3.95781068378685,16.3953059263879,1.53103043993385,-21.6605678807716,-0.358657710301396,-10.6423927591312,0.065325805875473,-4.07670749473234,1.07228986345964,,-0.398240444260035,6.44815154457542,1.53411403974324,-0.243656465915884
12_F002,0.986762984623538,3.52265175054272,2.61372513968103,2.81210603974021,-2.05774524744697,-3.13108203972987,49.5087696222235,2.39963523757306,0.631221474098614,-0.193398450485245,-20.3270636916482,-0.602171966579726,-7.14585148239986e-05,-0.0833078878881685,10.8792918872717,1.94242685979821,1.17817078895069
12_F007,0.30031010710625,2.99624303595104,4.65922614863141,4.07475063045972,-4.68677287275854,43.0660586161643,-41.8499849591658,4.05263305923788,17.7988679677516,0.0879909934529542,18.0869054064366,1.1587784654864,,-0.0929574295113197,8.77814743949669,1.77077307414379,-0.377392577094919
12_F014,1.97180129059325,3.18556355359269,3.00841826321231,3.59412219820434,4.32610143131123,22.5627095475515,-75.0716160611502,-0.674184496480193,7.32100000386029,0.961384427805598,17.6519354759967,1.67826367187733,,-0.0468657623061757,7.31322433484552,2.00754148140876,-1.10187063801045
12_F019,1.47566543342874,0.277996189814423,-0.0563795960794036,-1.46868987559411,-5.7237791410899,25.1111862516757,-27.864942079418,2.12183218518791,17.7028537118117,-0.0796040919535447,0.0957997742236148,-0.148236532626435,,-0.0853994886628817,3.3891475508512,1.10042396584589,-0.265239180226021
12_F023,1.56764747224519,0.484838543786388,-0.901339164102536,0.141901086777869,-7.0108451454443,2.5783530938189,-31.0945902362156,-0.7840758925581,17.5451817035139,0.321357764754214,-2.97647944295898,1.50895682038522,,-0.0733904022082494,-0.601000192262312,-0.190522020840839,-0.118066968654637
12_F040,0.509835985439875,4.24939597292896,2.67428680308143,3.35566644510614,-13.3009935113427,12.3418757037576,-30.1136760029549,0.478690183859696,1.6321480148719,1.04057244463279,16.453129519737,0.0741315873549028,,-0.420911776515197,10.0593288533423,2.43804029950234,-0.546161981208582
12_F045,0.884391245235079,3.85435980864292,5.51048666276688,5.291297583464,-6.51029305313168,19.4901710309219,-57.4515094473447,0.137809754044216,-2.88980598905525,0.669070506204148,4.60509965049611,1.19649517392901,0.00328879523857854,0.0401806313524797,3.31190812143259,1.08962413519049,-0.821719470948579
12_F046,1.02832507859105,0.86216028358242,1.24909758006267,1.95252490914185,-5.4333138196165,37.0414679943272,-58.0683463228385,1.32829152310184,6.7235244541757,0.70967221131285,1.69745979746448,0.110403260793824,0.00178556305772136,-0.155218884954926,9.03474636461589,2.21154077136605,-1.0660465216753
12_F052,0.873095169135315,0.72373060219218,2.30555117280807,1.29383116395913,0.186132018813063,40.6259492417522,-51.934872115201,2.49973937648045,6.60947709000814,-0.103737611566595,-18.6392164315001,1.38272153705563,0.00356407378971462,0.141107069997917,9.43167090488846,2.57071129537311,-0.702733042255116
12_F054,1.46475735140843,-1.16151253449075,-1.97619565996249,-1.52563891792097,2.17236329111103,29.2485806579729,-68.8081731894367,0.460123488423657,14.9715047515362,0.0795102506609628,5.49388718821122,1.49831379561016,-0.000262598379403856,-0.0911606429626193,10.480366008107,2.68600519113009,-0.966269796733323
12_I002,1.06049479737186,-2.60691937111123,-4.18511069375701,-2.8751118561735,2.51305014302233,9.53255112476251,66.0945602528641,5.78682802819161,11.2587151527195,-0.222324743564329,-7.01178434834056,1.09995441378649,,-0.4238498060594,7.57106260268829,2.15109848422823,1.64098670806067
12_I003,1.22832806397489,2.10460094611864,-0.853489072331184,0.5205708543058,-6.19661554267466,-5.72017123236678,115.016538739738,3.25759980640627,9.27008925545255,-0.357208520713119,9.7730199538859,0.791844679169583,,0.00266574288466716,7.8753569647815,2.13207534431065,2.10647412225703
12_I005,0.440821924965085,-0.136600897466741,-1.92665908810422,-0.0215604132345613,-5.45256518123309,-14.0028823586413,112.954845308618,0.872055339340718,-13.9283750172206,-0.147592633265915,4.53112183753798,0.782561576771798,0.00151123880248683,0.758747150132067,-2.98192183661198,-0.675805524198448,1.73192436281114
12_I010,1.61972561826779,1.49345622670413,-0.843625174427378,0.480631858488179,-4.69245706379129,-9.13406562565605,47.0155069982322,0.45096183583692,-11.0349180280982,-0.212973875098299,-8.97401096029466,-0.442718095461123,,0.0966925582539009,-2.21666326377995,-1.13716147504111,0.971833321725677
12_I037,0.757127625046603,-0.139472360718745,-0.384715780131972,-0.964942008002896,13.9227632667399,-3.68654819162487,76.3133579806495,2.91474997147661,-24.6857436482611,-0.757936613964948,-28.2378014337009,1.63207179880602,,-0.42137186430933,4.28969124218939,0.855206719737089,1.61689122964882
12_I049,1.54900760201493,0.3932203687988,0.151833743383055,0.814643179439518,0.476259993774782,11.8117149221381,46.7859839188735,5.01380583765592,8.64601051269058,0.727318682730898,-13.0020923191662,1.26601007541802,,0.0146891443096286,2.49576201150458,0.273287518666153,1.3860415359208
12_I056,0.895685031718149,-1.78131163058272,-1.08677423273809,-0.908705063306395,11.0599376448904,12.8359236865303,17.2650527415375,3.60347449905352,21.0829024728724,0.963213477008413,15.6430886111835,0.866210934365894,,-0.471054700364017,0.787000010493576,0.18394596628986,0.745422566287218
12_I059,0.795403643100146,-3.86707710554682,-3.277424611172,-0.0650052621275276,8.03572905116519,25.4009196274,-37.046778219779,2.1713912363461,-14.5275586762998,1.45045071745367,-11.958176621181,0.275065537164116,,-0.527851498500016,3.31450176842544,0.222745372855732,-0.436308950976141
12_I062,1.23522073694144,0.652705833006294,-1.13604735152744,-0.934766084832671,-8.0518203836973,2.43220760229653,-5.10017130091839,0.555011898924098,12.4293925392408,-0.0969665356781234,-7.44646237524833,1.20700653774306,,-0.0357808579078311,4.49206417655735,1.10840987578421,0.178673175996757
12_I064,-0.08777833656516,-0.245061949275466,-3.97741188865066,-2.6139967226268,-10.125393157292,-12.672704116318,13.7475855133515,-1.29681047230162,10.5207116512881,0.207464239100401,12.4371653630806,-1.55222373268116,,0.0114467207795399,-2.15786206105796,0.556507671387069,0.095516754077011
12_J001,1.51984429636432,3.30980738381283,2.29287424382811,2.60986681006632,-4.28029039342759,23.4581660209832,-47.0764770548726,1.11697580881111,14.409494001177,-0.303466501056002,-21.6803759512822,0.419802685728479,0.00708840865552852,-0.0132882367184856,5.96484394123331,1.74094430821268,-0.588668730069712
12_J004,0.388988517537786,4.0080834808442,2.66692100132335,2.08031376740863,-3.9289575931255,8.30291680713147,2.72686932347019,1.53607274505154,13.7777148367428,-0.215411531728109,21.4660628435516,0.179860125240155,0.0110151495320502,-0.25441861882708,7.47287561055959,2.32459855809735,0.0788656990356522
12_J011,1.95313532208203,0.646383461432173,-0.128447136983397,-0.856039195089006,-7.82848968947287,22.5146206063261,-50.1048793640101,1.34101382862563,15.9870344155817,0.00190326822597061,14.8282369735045,0.876296668400848,-0.000338824940782958,-0.295429615858319,6.05668847006073,1.2470810729912,-0.611442333940598
12_J013,1.03984278749679,-0.735459272697491,-0.991148494637716,-0.355671859351179,-4.38122127784292,12.761837407993,-40.6456305253025,0.26233090409486,12.2968930092003,-0.388546454800515,22.6516625030594,1.17079290193198,,-0.0476428176985013,8.73827066400308,2.06475297518516,-0.60372923726227
12_J015,1.14839229916348,6.18228359294944,5.4965058467332,7.8010707924024,-11.2713217749181,0.0432233994883687,-84.5819139346451,-3.1316161133215,3.92054943168062,-0.198136744988167,13.424282810486,-0.535811025710939,,0.301986087874509,-0.843831836015158,0.0778876154084329,-1.53147341061027
12_J019,0.8616718709774,4.23076006030201,5.53031192907058,6.17938130048799,-7.19584694558994,23.3600371309221,-40.8428553028243,1.35751458012937,22.3912918753449,-0.0222320776666285,23.8020169716287,1.09675141340324,0.00132066486465903,0.052817497356209,5.52083557285183,1.59127013952595,-0.545590655051318
12_J027,1.33952282572917,-0.00298299547413271,1.38755771294368,0.726895940099917,-6.75127713219555,28.1392819772462,-57.9594073903447,-0.0221770996509892,25.5175972805724,-0.0125259380116299,12.5709309480759,0.940407931598638,,0.000155338581201381,4.12336934133888,0.808953025707682,-0.904953750152124
12_J028,1.11980544202919,3.56239987292376,2.70226560238897,3.32911861217985,-11.2268176702969,-3.86191728548083,-22.5090756978772,-1.29662280641834,17.1261111432833,-0.59308039540618,27.4094920040361,-0.390163741630649,,-0.0657873777118904,-0.440706528234789,0.0753946384235564,-0.592488864219666
12_J029,1.72250558220222,4.1791115446136,2.64417024012089,1.68205954433592,3.55015416079719,13.2018614142374,-33.4337047853226,1.05156043895307,24.4501126524265,-0.055000013215503,-14.8347770642683,1.2202093387967,,-0.425770374010435,-0.138089013290501,-0.248747563685782,-0.16936776562591
12_J031,-1.62146754435868,0.677274990272405,-0.868020811238107,-0.653546390596398,-8.72479809567756,3.72177471230547,13.8224700712021,1.87884816780695,10.9626909770996,-0.539858762833644,20.6074428754256,0.0946243891323703,,-0.448612094195166,9.50503288879771,2.33047728984925,0.306417831888901
12_K001,-1.79405788069471,1.45514832160307,-2.16830495795781,-0.987295899376178,-4.84167015201724,-2.46398635556629,1.23802855131319,-0.822252424090842,-10.9801363958695,0.88429201243212,8.33229605108252,-1.06680089983002,,-0.311445231147418,-1.55201614833642,0.426942627971037,-0.495690540989185
12_K010,-1.99725481069658,1.15223213225069,-3.15853496456306,-0.812656403134651,5.61266979227719,-8.34609686986221,47.5207554486568,0.0226241437174547,-5.78740436313533,-0.219482475311547,21.3267212590998,-0.340393371619137,,0.113370596625763,-0.328503651503266,0.299665603588078,0.700093128587771
12_K016,-2.02344683537298,-1.13450749061923,-0.281460627356736,-0.449119991473847,4.64986171882196,23.0710392009113,-38.7787321712615,0.712104566348296,12.5003905359383,0.0794902474618073,29.8673795945842,0.583701755253437,-0.000965596325181881,-0.168388932029591,5.45981904377457,1.49441345130604,-0.602529178781402
12_K018,-1.74165322439591,1.62066217474123,-0.301159209245013,-0.655024653699199,11.0230706087176,14.3305566003009,-33.0641294190418,0.786690301874491,13.9975465440526,0.257745877431889,-25.3135693931291,0.999987867297786,,-0.352036866458392,-1.13671156266868,0.272343177511358,-0.378944870460964
12_K023,-1.42809371819939,-1.61297102465345,-1.56997746159587,-2.3641487229151,22.3046822626469,22.3173910988173,30.0913380678057,5.19808859642387,33.3430212425893,-0.558844298342239,0.966186206297875,1.81403505585988,,-0.417577547429679,-1.94939878611221,-0.645138729997988,0.829993243220514
12_K024,-1.9252402440864,-1.86442689649614,-2.33963005914351,-1.39361341149997,2.02337656720572,17.9881675280492,37.7482907710194,4.31861207879071,20.2638211571344,-0.235472212939757,-10.2545222235962,1.34336387156519,,0.0378282951435973,-0.821351465934607,-0.53293304573663,0.98545948730065
12_K044,-1.84245049220058,-0.613117196908578,-2.68227601062942,-1.67074438675443,-1.96506871854015,21.050946338189,-60.3648858518339,0.113221956338374,23.6322595812604,0.397744476721965,26.3878681765656,0.345840006080064,,0.3115241709192,3.91652293010383,1.83182103222064,-0.837166892644307
12_K045,-1.77687612123929,1.68529045896533,3.76884334812215,1.21360509795294,-11.0979907818046,-12.6076690078038,-36.073455677918,-3.49031294264793,22.0380250111224,-0.0964986115039867,25.5798659135482,-1.60575495234403,,-0.0484216181596165,-6.08367384231292,-0.335403639256255,-0.921121873473862
12_K049,-2.04247404450061,3.71893229867844,2.6746469400288,2.11432563409527,5.60578555183462,-0.262586938794259,12.0979396973776,0.817316171737102,15.7505808390997,0.190796220783963,-13.458823380108,0.0354712917920608,,-0.513756517150256,-1.59675053832651,0.383376223501041,0.376036661284733
12_L001,-1.84811041182398,-0.0633111032618185,-1.80175752634741,-0.856361939920286,-2.35197798187574,23.7482634353546,-9.26145565199657,3.15243133752336,2.32084097772083,0.794932965601583,-17.8480962877022,0.810068287447345,,-0.0550734820971864,4.41981257069321,0.842604786047635,0.0821362229824168
12_L005,-1.64881527103198,-3.84605298161407,,,0.770247152960705,23.9811468950568,-52.4225917138054,0.445802685647371,10.3153462414402,-0.310115204262556,-26.0238603568738,0.996579993002352,,-0.156758314498167,-1.81390795354265,1.13184545403247,-0.770406557194618
12_L012,-1.69559871020507,-0.0772337311064129,-4.21345203609906,-3.28959875656602,-9.48837688630068,17.3063620511374,-20.3774182090025,0.705654228946132,7.38320461345832,-0.018191500023349,21.1644069804787,-0.354830763577168,0.00389277329261615,-0.309988100117818,-0.0923840398997653,1.35112408019116,-0.621185344297945
12_L013,-1.85685890166555,-2.43760175292556,-2.39031578090698,-3.40865333701365,10.1140325355041,18.9809121514296,-47.5585093028351,0.451235461361124,18.1023534810145,0.747547230896575,-35.5434366081621,1.20196029166822,0.00137157647034012,0.128735221227673,-0.878108846056647,0.434704074637864,-0.538466554589539
12_L018,-1.83093654508901,2.72863124854418,-0.690537354065636,-0.179391397876675,-3.26344698347433,-1.38955767894549,-20.0758404166835,-0.201297810506835,13.9978045757469,-0.193660733098446,-16.8481051367688,0.66499877276571,0.00105309211341383,0.256904077431378,1.49002256209433,0.63532559142288,-0.119762557227441
12_L021,-1.75139142499599,-2.19686330830833,3.0023563884264,1.61335509743865,-0.890468453834466,30.3297324270954,-39.801317251533,1.8523163648934,20.1385202934495,-0.238141307881898,-8.14331255030134,-0.384130621809706,0.00207924549166782,0.0993609962093867,6.84366559628634,1.5211756615612,-0.639727104912002
12_N021,-1.92568265895116,0.0750685361612889,-0.732606457571916,3.92898869873814,-7.08092389188606,-2.11253771457922,-24.7934404598328,-1.29947092727574,26.8682129577252,-0.286490079222717,33.2825769270178,0.511771950867035,,-0.472959832515907,-4.02719197661529,-0.856114257222601,-0.552670212411217
12_N034,-1.97315019542377,1.79276948099387,-0.920657054277175,-0.967038662835491,-3.15493021274798,12.7121740184684,29.6982963553665,4.5902401964842,17.782907269703,-0.318906501774749,-17.8882783783361,1.28549883180717,0.00865597211109149,0.112041201311684,2.12804898265638,0.578756176292192,0.808587761987318
12_N039,-2.03687115621915,0.714238133751428,-1.85956863618787,-1.58761320128827,16.3107444131995,15.0043367708809,28.5822311469353,4.59247370204877,31.5605621455157,0.250435776499545,25.4477997264836,1.69269226022704,-0.0005295667349738,0.0874750473276282,4.58045374868788,0.649941295649294,0.880422154460818
12_N041,-1.95460490762903,-3.55754830999485,-5.18287984915749,-4.22684563164828,6.38789147484793,13.6854421772493,-24.6046090321083,0.550605865478226,-8.96023053069974,-0.186402127522552,10.6353419025155,0.750054739545953,0.00904742516790863,0.00664862562554735,1.80305315740729,0.610474539690112,-0.226263880960173
12_N046,1.3200269905942,-1.60479862637098,-2.26955207151252,-2.10884389566853,4.33835569560969,2.18155777283928,6.87182495126392,0.772709352480832,8.79676114199939,-0.445782404952278,14.0414395271134,0.424078294656714,,0.0547452674551384,-1.84563211896348,-0.728600714358194,0.286287792995834
12_N052,0.909566019523281,-3.14590947402011,-3.9473865666825,-3.91498241924754,1.14922888637783,9.85386283147587,4.60419231554347,2.174064490268,3.83856224573234,-0.141812162175647,-8.98179691969609,0.610919348785791,,-0.435578167714199,0.833340048714689,0.494701291806618,0.198352483261185
12_N054,-1.87054007396963,-2.35066039632614,3.02634936135501,1.34763482254026,-8.93548376347087,-15.5946016445595,-12.9907797026837,-2.83456700233561,7.94617277839929,-0.516345009922011,26.9929421019855,1.05795183745365,-0.0995739216055189,-0.241524159451113,-7.17865706277479,-1.22400077059338,-0.233439300750929
12_N057,-0.673408240884747,0.153253786801886,-0.164084698296064,0.261339929486033,-3.61068291419848,-10.4047918274639,57.8962147107602,-0.180204544711729,5.97854140287558,-0.146230190437716,24.2821080704045,-0.857657505596257,,-0.08434114863032,-7.30835833292575,-1.1024382094128,0.545591343092709
12_N062,1.49697191409946,-3.22713817377454,-3.02484851870638,-3.53862357986984,19.0574468525919,15.0744829574415,-12.6541492177423,2.11753082846033,-11.504194435972,1.17265542504986,-8.67502931018697,1.68613770604099,,-0.388917020249059,5.68806613236204,0.789478657308183,0.112617049458218
12_N063,1.98285241873173,-2.01737732253901,-1.11255137812516,-2.70224581169309,5.29764876671171,11.5786432037952,-27.8100869442653,0.556631008608775,-28.877761243902,0.0167394742987937,-6.28411849692893,0.543125480549866,,-0.085352167820669,5.59699398887297,1.92809843089261,-0.163434306791028
12_O010,2.08987078766414,5.97800995536094,6.02017949589088,12.1309281891842,1.23386114318346,-6.68371355777953,-76.3165359310398,-3.76863306862313,24.3366591755806,1.61143913173325,20.3436859876789,0.350557390919119,0.012701314330902,0.189045421614944,0.145991615864377,0.966246792909691,-1.61519338334222
12_O011,1.3080500405523,-0.250569417931132,0.525115764047949,0.227214445101885,17.4690932060811,7.76644385810491,31.8733505431478,3.09066455953973,16.0365420680093,0.0576714768519034,-11.1717163543221,1.34603855739557,,-0.0125365375576323,1.55147599661096,0.570153691449304,0.831974824419106
12_O014,1.46092414502227,4.88221555760327,7.94612643676883,5.90687299597829,0.960831408001305,12.1277408249712,-40.1303274079711,0.350064514349808,22.530949035013,0.6277274380779,16.6855657340667,1.38777046094103,,0.0335497348134744,3.9226896652783,0.980441633248187,-0.538548083898907
12_O017,0.53164304723738,3.29671458429098,3.73740489860221,4.09557870955704,6.66286503982718,18.4450561321064,-61.9961599486371,-0.362183803349142,29.9141086119007,1.8078505083551,28.0522414264469,1.36599705672484,,-0.282412817001093,2.10054126417717,0.679911751203834,-0.716997745932634
12_O026,2.13612531666595,1.9149886474098,3.63191357913784,2.16192740972862,7.64199831368403,21.0915582077569,-71.3582413671126,-0.0719023597695689,30.6998458794171,1.17765249923107,6.98258866743334,1.73629606581459,,-0.355428063903049,5.38105511256769,1.45949504103895,-0.951842376400339
12_O056,2.33782286497119,-1.87739675583505,1.99212304811847,1.08170307626892,5.66978849347543,18.1404614698341,7.23214754021393,4.4662381289472,4.27124877832326,0.893375129112928,-21.0697538397352,1.73321140976839,,-0.440476452025591,2.65757610741815,0.659832844861646,0.576017975145824
12_O061,1.76062903281026,-1.83286543382464,1.48493686128986,-0.00630447133467739,12.2713063111126,10.7340658334956,-20.357883199007,1.25591659566766,10.3900598783082,2.13267251494619,-19.6614310759303,1.41371736233984,,-0.217732553309028,4.28527414019712,1.56391875830705,-0.150772079157202
12_O063,1.28555445550699,1.53394337697115,1.92527673382391,1.09824366334522,6.10715574023053,-2.72558896601471,0.765024807006164,0.040953912043047,18.5758482951568,0.828937842689467,3.15331043108536,1.65851931598124,,0.31409859717796,4.55245434737393,1.1913683120556,0.286593320623162
12_O072,1.19913705502111,-0.357453505564931,1.60299154131653,1.35338141095762,12.4181987631175,18.9738344002445,-5.35815943066812,2.76365159246323,-6.61327402400469,0.274956929097339,-30.4273037433761,1.31778568352363,,-0.0542881002344104,0.47829559712969,0.321302674081656,0.113660663493013
12_O074,1.79346742416424,1.66351543235998,1.45994600121974,0.93018253272732,10.1438346841399,24.64248805255,-11.9131633859027,3.46286304841206,25.6816050455119,1.29649451845812,-9.50399850228435,1.62918368765865,,-0.0560065085395846,-1.92251991803284,-0.459287910637956,0.106012912393817
12_P001,-2.05180744285011,0.939537190878434,3.29176546067327,1.05973707070295,6.83939800075147,-4.10826089955174,31.5516641208993,0.145102017605993,25.426130602706,-0.176012844169449,2.72330353063734,0.799165856333783,,0.00312604713612623,-5.10361873060068,-0.468843374908526,0.339822520858071
12_P002,-2.15879681548829,2.95357562443897,2.65454435511431,1.43639537579216,4.48725332346114,4.30551119376804,11.0906202566873,1.41295751677739,24.6291818218534,-0.119736082497492,-17.0457499531454,1.83291299961275,,-0.506209057349146,2.3935620102856,0.666652380904378,0.762072240205715
12_P003,-1.88911227559157,2.65809139479648,2.35256884240808,0.0195868951924546,-0.135123590471469,5.19701757729376,12.8830410700447,1.46824757856036,28.7452578405052,-0.00873018668906681,-21.878615868858,0.267675913883669,,0.0996936627813666,4.49047168338164,1.49948091886197,0.27982920003174
12_P018,-0.876913008823255,3.84400621950848,2.76739633568533,2.85974303415769,13.8696469113113,-1.66470072538648,7.17481592496689,0.130698579424032,25.6503217825839,0.386561670320627,27.4771585782146,1.14293521188017,,-0.061649514329152,1.71310393836801,-0.00771641015707571,0.445889653888962
12_P025,-0.975963493596172,-2.03154022511978,-0.327765399787484,-0.766151063037851,15.0968838722391,-3.80735517519353,84.8505941576449,2.49093501518812,25.305474968952,-0.432163249161095,24.2645411031604,1.25639087769967,0.0139866688844164,-0.334406867425157,2.05958884400949,-0.0881038564907511,1.53247215992307
12_P027,-2.10465765374458,-1.51320806860084,2.36976029451938,0.0541009766966497,10.1344817812722,0.776246359718301,51.1258799332352,2.84002489167596,36.2249904973555,-0.212004805603151,31.8297739005942,1.33341437830311,0.00375616555531512,-0.22996708894843,4.70802019734915,1.10375605079605,1.48067347282065
12_P029,-0.413488828068792,2.08851489492217,2.64772748415504,1.72911432816875,1.4672792704927,16.402649715891,-17.3419921840474,1.62129866488117,20.7777094222778,-0.633250349481324,-5.62731989615871,1.71404272839662,,-0.429450749245118,2.61154133907058,1.2751860741984,-0.143799511515446
12_P034,-0.685106516943324,0.740950755354224,1.71141196163885,0.809146015016073,11.1235877663475,18.1281004015022,-7.70948728103152,3.09200004169158,4.03243410474058,-0.189322302624552,5.52982432187838,0.867065621446873,-0.00180086574326292,0.036965644740251,2.85551274114568,1.07915036162964,0.0480335898076895
12_P055,-0.0644400987397326,-1.28111243893279,-0.370904843149562,-2.46495515390773,10.0674889495602,25.3503208326357,-27.3914786609658,2.28068429479855,38.0346530650109,0.901253009591618,-36.5184642637966,1.83855210757712,,-0.397692021622615,6.41667930580033,1.14458026921773,-0.0751078743108247
12_P056,-0.0540248184701454,-0.872732097134698,-0.824533704273465,-3.18297921961303,12.8491191838406,-11.0603168511689,28.2254190898747,-0.469715372928112,22.2541104543846,-0.0696737818913141,1.14383617160984,-0.241847612969909,0.000707165717467174,-0.0985705810546012,-3.38598676982227,-0.402346729013086,0.608108848649157
1218,-1.63134392892648,-0.75141513225271,4.15536423380926,2.21637128025603,-7.1499823160092,22.7998262905687,-25.747606892985,0.743869375953126,-12.2142780579039,-0.336832500021985,-22.405317664803,-0.675663014009391,,-0.0863733565540585,1.06230728193551,0.082364967858024,-0.668282088999731
1236,0.568776991411432,-2.41600715850045,-0.73090112728899,-1.82533627991053,-3.08455013809375,-0.992071457162182,-4.41449026469993,-0.161672832505741,-6.05447192183958,0.475873952590519,13.959575962647,-0.374587731250982,0.000742470246179825,-0.202433876021763,-3.73931983951962,-0.429793742616683,-0.0212008704353439
13_10,-0.214191792659075,-3.37405825075116,-5.30563874940713,-2.56770998243987,2.9235234421767,-1.53974127053959,3.1201301000933,-0.0346561887674128,11.8468803962051,0.0955405062506768,6.96794897278857,0.043491559607541,0.018177674142337,-0.321558222161627,-1.16895688162178,-0.46424193491265,-0.0185401591654566
13_109,0.584296651378991,-4.94122018177862,0.090996060550975,-1.92488605175046,19.763225196769,-6.75094565753606,1.41238132759328,-0.625161394414149,-32.3331134795968,-0.232352607259183,-31.4487755352299,0.37277150642832,0.00209947295371444,-0.239631451282375,4.48511702901057,1.63756864503097,0.0472971350701571
13_139,2.21934418304442,-4.58499890505685,-2.98970661227754,-2.62812570051159,3.45267740790742,4.82753100651862,-23.0970178000466,-0.329039158132822,1.43610604678407,0.785745516370171,-34.6682502941283,1.57780003159803,,-0.0235302514206006,-0.142268188144825,-0.463005966864535,-0.19067622433868
13_32,1.25642334751101,-2.70626007473345,2.26664965820466,-0.327543786946467,0.253778377994171,-4.0980337783976,-24.5477508086868,-1.08240493939747,-3.57133746533263,0.0538898565352072,-34.2144267631327,0.705529082382802,-0.000768063915492711,-0.244062563004272,4.95471171743488,2.14111299527154,-0.224037900992217
13_35,-0.0044887983081384,-3.91086683568749,-4.53423780546256,-3.85372973633054,8.2557620194102,3.80273469667268,11.3376513122037,1.43210923943307,-15.2760230282922,1.35868732948173,24.6781904667951,-0.0641615735322804,0.00575646570414828,-0.0766559388398361,-0.0705258808918114,0.0999060750435098,0.326746026414591
13_38,0.474662830897003,-1.12703980754907,0.803724319406906,-0.451007778154052,13.215504844433,-11.9247824498065,54.5921910626101,-0.13343436195848,21.6419787959023,0.447524379725781,12.0452179441173,-0.598283179552296,,0.252944174502364,4.40558986013012,1.20825735044167,0.709982465559757
130,0.34095650178744,0.113490151324663,-2.27727646171323,-1.85870913988169,-6.00065317363505,-1.43264590302969,-9.31920010282763,-0.524052641966097,-13.686544374663,0.235979801871066,15.9871106427834,0.50316243982966,0.00170733840513445,-0.321627292159211,0.472091837908354,-0.629035951535528,-0.0685338310665872
131,-2.06723848689169,8.69182258078152,4.3671136608518,4.41031823431774,-14.0073100782773,-20.202660857431,-18.6697561561987,-3.46279335475389,25.9513023172949,0.0236724415802465,-10.4361065490492,-2.0872211057077,,0.119426735912817,-4.38862028875461,-0.163422980016352,-0.640433832842396
133,0.189042986605671,2.28650164480699,2.74730980574602,0.863377789887178,-0.879594503543014,13.8910774870261,17.5193750663452,3.15472361977734,25.5285427022687,0.823989680091112,9.30485123548046,-0.555368655642204,,-0.431909996587662,0.181754423006487,-0.533087267932919,0.273224430536243
135,-1.93618069444003,0.220715145218891,-0.736055990943014,-1.19368571937797,-2.76490587569747,-12.3925152682308,-12.1978388208908,-2.21607607428661,29.6717501367689,-0.293772992769249,30.2179459254631,0.853513377857927,0.00284138501652919,0.117249642008614,-1.19689033112816,-0.89830264507779,-0.0910792328646827
1377,1.84447465473162,-3.60096780612144,-1.04837322179406,-1.08658942774923,-1.74116183890877,13.5157927638033,-65.9215622591345,-1.60810899623763,-17.7519716430407,-1.29115968687159,-2.17263270957504,0.395274854004771,,-0.279902769623848,-3.11855574943873,-0.684721248825369,-0.964167267950153
140,-1.83257524108114,-0.515050169150844,1.38858169853741,1.03835893838805,3.22917803134247,-15.9348292638889,46.3917081087756,-0.971282914577035,-0.877003456481386,0.291778655784465,3.84716140378525,-0.0312534022059048,,0.151218137515453,0.757117435601936,0.304697974461274,0.633626852640883
141,0.679556742660298,1.7602162249592,0.258485437771842,0.273201594366805,-2.60629858708161,-18.0169796919211,10.1922548170276,-2.27664842897332,-2.33881915015537,-0.313467435147221,8.39733407919816,-1.46401568583528,0.00566394943295657,-0.0739654731501782,-2.31209761092747,-0.86055310566944,-0.21280251365518
143,-1.97447589073029,2.63072844123589,7.81613840964007,4.31161325983036,-7.4846883558261,-8.53275175299311,-31.4978704662621,-2.20702932044159,-25.8054567693764,0.182718481146341,-10.1863915796141,0.444830729024072,,0.120562095399149,-4.20566666010074,-0.721116354893788,-0.603021921766485
1446,-1.9382680478071,6.71180676670341,7.59096000188402,3.34014133600267,-1.73086315255213,-8.72597299085875,5.749333996918,-1.1237876783702,22.0807703972669,-0.300729870056254,18.837908345154,-0.0781192248163564,0.0190935877568867,0.0536538185967907,-0.308281764234014,-0.434596877098846,0.161666786075936
1448,-0.104211062095233,-2.06921946358583,-2.25112264944571,-1.25623623758638,-8.21878436651866,-16.8070336943991,-18.0060377866475,-3.02841306257073,-34.0765976892785,-0.235705252628154,6.73967034902361,-1.68005746121218,0.0182058615627202,0.0534038515168278,-5.62113756369175,-1.33639676744129,-0.618648689448196
1478,0.675307835164208,-2.20720009041864,-2.66785691717407,-2.93951125559341,10.2680960160113,-1.12106510856295,-6.64276074867749,-0.0512378593686163,-37.3484060425423,-0.205862137137237,-14.0582076071447,1.19757591866755,0.00604014277550142,-0.206797026231973,0.27746029130686,-0.888479352053173,0.201788741130914
1481,-1.43650692873551,-3.9777678944473,-5.58450812535048,-5.12691849719122,-8.06558204340566,-7.47508893351414,20.3479441839895,-0.307317863189626,36.2948459377468,-0.181840721214129,9.5608369917854,-1.35246597106305,,0.0872518228011149,-1.90736492430852,-0.686083943233297,0.398020794982508
149,-1.91723892329587,2.56484186829504,3.5274067993561,3.34454852849513,-2.93174681738202,-12.4242002788623,53.1114598450434,-0.73044558993381,7.28516141411057,1.10861422781405,-10.3888026599172,-0.901136670815317,,-0.339152303235806,-1.29650721784837,-0.126752683144036,0.716921338398875
15,0.251791474264829,3.69651723829629,5.22056956188641,3.49725886449816,-0.757847859650477,-17.8659796302345,105.807880815066,-0.0628110103994114,-0.467333161491988,-0.440283874150463,-1.81605671390664,0.781214155652962,0.00637608570058908,-0.00292876372353821,7.89810925643629,1.35813882824727,2.01378547929542
152,-1.80971099321582,-0.260025051091004,0.900377788000126,1.27777158657114,1.90879369919428,-2.95899779737924,8.97810698209827,-0.228057681741775,-5.77861140351794,-0.070902432867537,27.1390545757138,0.404154649668999,,0.0193056344787703,-1.40160123712213,-1.14042608689065,-0.09924412197584
163,-0.0487407274251958,0.326692014086771,0.450379344852796,-0.370736403077418,2.80005332444948,-9.76620116606171,-5.86901902285921,-1.18751004577739,-0.51067924187095,0.730164976243026,18.8752535847267,-0.172945111334386,,-0.108895548076775,-2.92596280373247,-0.533445934313987,-0.124993316740728
167,0.0274779564810477,-2.87297557627768,-2.7774151528029,-2.58519210852092,2.14676572574703,-28.1365416098477,-18.4051171603749,-4.12162346895238,-58.3995565235126,-1.00017417481582,-15.7204340581367,-5.05817890790527,,0.566741525595749,-11.2322064241123,-2.26812072733852,-1.45781584690832
17,-0.241113957448377,0.190686778319278,3.83859179628997,0.317681450867802,-10.1675007775526,-11.2067456545339,68.0225102831951,0.655537369179987,19.3415753586515,2.17158567254672,1.47730764656333,0.478672420129154,,-0.293548860879252,-1.22514837919903,-0.165600597163218,1.46571020917021
170,-0.953316705791001,6.86111320010507,7.63021202581912,5.36104665242683,-16.9947118305446,-20.8811232661086,28.4832522393315,-2.27187330575523,21.3070957653499,-0.537162229017362,28.3950252508721,-1.95399371003246,-0.000774449707179584,0.0725733855523911,-4.59611552096655,-0.511009662319107,0.247317093730186
173,-1.20572099556693,2.44514952167187,5.58311516288845,0.601177271963968,-4.39680126959439,14.7582924832146,-56.4828015819722,-0.979766263459483,4.67219877083504,-0.312753576478041,8.35961353797863,-0.398371506875422,,-0.446326685494131,1.91742786190107,0.736619901665292,-0.901417867157717
1870,-0.379476435640419,2.02919854593714,2.65124287816401,2.88243320371039,-18.3374421676232,-18.5875966993072,-22.0519606360034,-3.42548088358735,-16.2218261519658,-0.553564947336804,26.3648687201595,-1.06715279178943,0.00294021936890509,-0.0762864095056268,-0.666086322880025,-0.282792519641043,-0.571501739846431
1872,-0.354209499873151,-5.27526102336432,-5.14222589211488,-2.84830129873316,-0.604723403367528,-18.7488138309081,-7.56208980656544,-3.27779138073168,-38.3922819617905,-0.049526501250115,18.5004301424289,-2.2047107899567,-0.00142319322776018,-0.116914472732405,-6.81948203996529,-2.14664319982033,-0.696894375270825
1887,-0.222536660562499,1.47173337561244,6.17237070129074,4.93234851101867,-9.40680145520444,-8.71652617804298,-54.4279201136028,-3.23452150014341,-28.7913217769487,-0.373736112738503,-31.9124705493466,-1.76689481867129,0.00136462787186893,0.0459057391641911,-7.70127941345664,-1.73778553685993,-1.24942058306913
1889,-1.95884498585314,3.53079601391133,7.63397627692987,4.9261020815631,-5.42095395303368,-1.55960726049054,-42.3898525398019,-1.74972881477689,-39.8192262766604,-0.706724572136994,19.1806052292034,-0.550878193543632,,-0.0329842701485907,-5.04019266391874,-0.513697631049671,-0.785939672437554
1893,0.190865276020865,-1.37752492555847,-1.35001101189002,-1.77879656417327,-9.80304998372649,-18.5937636124872,107.831158602508,-0.917818919602806,-23.04570752659,-0.373076916690665,-19.2169347667898,-0.679570035881393,,-0.526551135103963,-3.78671355859658,-0.898542356589703,1.24517825720862
1900,0.877487200259441,6.04579805707102,8.04528739197522,6.71311782458176,-8.80453587816796,-7.23599020346424,7.57292392143637,-0.804182502668849,-9.00899422452759,-0.540505837998672,18.9363728644075,0.285838878864192,,-0.0591432306293461,2.86633809431192,0.299629418613825,0.0806333173617617
1901,-1.97938884396461,-3.12410996584138,-5.76439427632555,-4.31237886749635,-6.45512931143927,-8.3694967837012,-60.5498759462169,-2.96249416736317,-42.0384045757672,-0.884449675669564,6.25009268287604,-1.17889716832672,,-0.330849084951115,1.39389815141715,0.264514225219848,-1.00257715655325
1910,-0.456191201419509,-3.11706262331042,-3.14349081850453,-1.97027113614115,-11.761184050889,-17.0293073392786,-34.1834865081356,-3.83515586560823,6.96590237576875,-0.173997684816887,26.0038188985525,-1.86889264938488,,0.00773056352621167,0.465786912379956,-0.396321587988614,-1.54753055653078
192,-1.48278457248456,5.70401568321363,1.98614278512988,-0.165626911914414,-2.60573298758049,-12.6059029599322,-46.5203751076187,-2.76440690715524,12.924876718642,-0.43249137742202,25.7365906027089,-0.935321392408584,-0.000263747955653529,-0.165969663268805,-3.64344440398831,-0.400859871096748,-0.899836343494392
1927_005/1957_205,0.721062225165896,-0.148667061848153,,,-4.73729087345509,-0.712187909070758,26.8785583151932,-0.0534883837232397,-10.3875391619525,,-4.08989882381083,,,,0.556233284415538,-0.170159471114189,
1935,0.282799369878034,0.671242472914093,-1.19766491640769,-0.884512408813171,-1.16779997859531,-11.6756412619535,50.8327807534796,-0.643407236797805,18.4257080782752,-0.248316323192629,12.9928842806262,-1.80222367856122,,0.0543807087792244,-4.73855248182319,-1.49721940607983,0.380249019462104
1951,0.763404271623459,1.3246499624321,5.98201697995584,1.11406926093277,-2.57118163197054,-7.15576287466614,-6.41428640254582,-0.666346119598296,15.6734789663912,0.534407091445078,-15.7976460278077,-0.351583115612452,0.0170783854659073,-0.0493393438625004,0.946626692663441,0.460214786768383,-0.0913555083029384
1952,-1.71739665291266,2.13660966542553,-1.73389285822162,-0.930663646715393,-5.56030652707072,-13.2516806038862,46.1295549148886,-0.758847664679378,10.1376319161004,0.163451856054488,-14.4755600390839,-0.567858143797108,0.00455097725632317,0.0969618265521999,3.01587139342129,0.185143163433363,0.564410120129792
1953_050/150,0.717539060989632,-0.323681004697024,,,-0.49359521885582,-3.19724848419915,-0.378134278735115,-0.170251756353396,10.734605640553,,-17.0697296148441,,,,1.07560876499657,-0.247529001314772,
1960_044/1927_005,,-0.154306552770642,,,-7.9096413755781,,,,,,,,,,-0.848159243307316,-0.355136346335342,
1962,0.323293753644841,0.262017839106308,0.711668820188417,-0.386734784846858,-0.929212839170326,12.6006765813014,54.4205666144998,5.51051602767146,18.4519562674035,1.1124436650086,-24.3954309386823,1.22885459808456,,0.0405276626805853,4.0448601215249,0.280474452080364,1.76284153158694
197,0.855649107373205,-0.538202527339299,-2.25642758879078,-1.67887461318102,-0.914695960806513,1.29308865506674,-27.3970436565342,-0.815433818565031,18.5184636987468,-1.5131422345006,11.934830365572,0.901965334141091,,0.653888710439344,2.23746983700387,-0.403993149478602,-0.323030835063062
1985,0.0721725601345116,0.674041314809717,3.59182538277641,1.44465729335639,-10.7949365027009,-24.0951252295468,-11.9125543520701,-3.61241509959309,-42.259034731376,-1.04477912315606,7.78249812888508,-2.50531724391851,,-0.262327307678519,-2.35939912169554,-0.225182254301753,-0.930831698498174
1988,-1.6234041698504,-2.22090686075051,-3.79545259291251,-1.72161569459352,-15.8876505131137,-18.0667769040728,-41.2837370650224,-3.77487240502785,-32.518002394894,-0.600451828192494,-36.9880327894652,-3.64449905307568,,-0.49391406409353,-1.88550428467801,-0.468625989356294,-1.38069397606716
1989,-0.465655967457279,2.1125204487345,2.94593445513577,3.14931951169908,-15.2123729960898,-17.8860098031119,-7.10445142520533,-2.87957225033164,8.17285649804949,-1.11496435363585,4.30011855396391,-2.21673996715883,,-0.525878746882718,-2.57210560821211,-0.420276467117932,-0.427716169124557
1991,-0.0919523351927199,-1.73011110402573,-5.00850085514789,-2.84844615854561,-0.84821272935069,-9.7724686496149,-60.7961391851516,-3.11779189062711,-52.6458693211053,-0.500274785726162,-39.8579152125431,-0.764888077602713,,-0.39498834845327,-0.531057987328811,-0.110949035846574,-1.21488212485813
1997,-0.00473636146148729,0.168875871962689,0.266370533867455,-0.252552522338895,-8.80414645767801,-11.2344250735396,-0.22004854088032,-1.88631126839582,-21.8556306926535,-0.101265994964113,7.43716098995512,-0.541921271998783,,-0.079140901471305,-0.0778953901590264,-0.140273547036852,-0.293620284607515
2,-1.60060910738014,-1.43492348145603,-3.78849286403757,-4.18126910607108,-5.42949290832048,-1.50932975447006,11.7245760969231,0.309247984935282,20.7837594478579,0.351305718401084,19.1550209132344,-0.0613453316508571,,0.0198692958668073,-1.26770722861511,-0.405294545359618,0.354362064326945
200,0.862223650263869,-1.7164675019123,-1.78151439271746,-2.91190027879178,8.40047256186517,-11.946612199347,25.4797717483486,-0.647350183195838,17.5044802141797,-0.204782893674538,18.8774153194169,0.210691972350672,,0.0948423819857703,0.27703853519237,-0.741266730703349,0.519678236553856
2003,-1.77170659385341,9.25528041448867,7.98243373203611,8.22846418311104,-16.3659355173016,-19.3429039454103,-70.0732378455426,-5.0398749647628,-41.2779110962955,0.00981090635687796,-25.0858319863931,-2.88657349611709,-0.101836716018867,-0.152778964735391,-3.47037412388739,-0.245669109912134,-1.74872884949275
2010,-0.495388291925457,-0.628336810749831,-2.36594436514866,-2.18342561578485,-7.48567202286356,-10.5035916098077,-44.8785200578858,-2.40371869583042,-34.1925195140376,-0.493886428546265,-9.95653387521403,0.292996752316448,,-0.0715875048956791,-7.93548669815062,-1.76399119046805,-0.797060192639884
2013,-1.07420946789913,0.165589186130654,-0.754273341036743,1.92864880557934,-18.7465055515662,-21.2295969843678,-10.5703929766103,-3.51483150505174,-26.8028477831373,-0.148605478925238,-3.39686592757617,-3.1029991022313,,-0.0675894201022977,-0.549090788034461,-0.0614050299588365,-0.700474804796487
202,0.98355502320303,5.85202696752954,2.07287959870551,5.72632189892854,-4.86798928320131,-14.7159925437667,2.66433906292654,-2.38038669463331,16.679296876196,-0.202581392831281,23.0063861995115,-0.742819154201485,0.00594314726656379,0.0914251681538799,-4.19530248333119,-0.995969770762463,-0.169155186479915
2024,-2.12136345013165,2.03922492733362,3.89706208730343,1.87750580879542,-10.6050684650263,-0.447682277117763,-80.0413928039222,-3.15000569432681,-10.2767550397385,-0.673666416174924,24.5345716222247,0.558285064060578,,-0.173615385514072,-4.25185341771613,-1.11581196871914,-1.43690190681938
2026,-1.99424053218502,-1.22022196963183,1.55942868861372,0.175610613906791,-9.21814496513011,-7.7886443378612,-61.3422058638136,-2.94484449875557,-39.8137674309666,0.181439576880153,8.57036984125848,0.390619988379471,,0.19562419364399,3.30641219025845,1.04983831452311,-0.937590495598429
203,-0.115113083387509,-3.16602518579316,-1.52634891316422,-1.38920154766835,-0.47254860774202,-11.9207860026702,0.689276070741211,-1.49658321868418,-12.0995930019711,-0.7514315452804,12.3561940595892,-0.568361199683137,,-0.0400939588825151,2.39877111699428,1.0030375918963,-0.400502566912708
204,1.56363585389431,0.0889544226427604,0.444657342585249,1.18290741792003,0.314846716131274,-6.4356113358587,10.3295743445307,-0.252042084915444,-42.5204170880981,-0.613027869661105,10.9057486320624,0.858561121468403,,0.0203866012071729,3.50128123068572,0.979153365346815,0.264056192661084
2046,-1.39539349504864,-0.446112198947561,0.690299953380674,1.63393282155263,-2.05052087826483,-16.4756261596379,76.75441667116,-0.687426157284139,4.22574235379902,-0.220020210702363,1.76874601519289,-1.89174342477129,,0.443048906944058,-5.65008716354682,-1.66349695332872,0.956628745930284
2050,-1.13758523152309,3.45450910072592,0.578674193879,0.664739990435887,-19.7150681791964,-9.21214135253044,-58.3898763561938,-3.03365683337183,3.81573466699871,0.236197203897616,18.9609628509066,-1.05730552803338,,0.0302470883331401,1.54268231958092,0.10605827174363,-0.777157992548935
2055,1.08775464453197,-4.3590269136474,-2.83620360806569,-1.52105855420137,-4.76350520956946,-6.30136191853954,-46.5027174802145,-2.73725633657554,-58.2402164527429,-0.883191642278838,-12.2021050649716,-1.95341285902491,,-0.33333947518953,-2.45832929917517,-0.512592379848891,-1.04390125657865
206,-0.968596929328434,-3.42003737029745,-1.55414064397257,1.2474907113345,-3.61724841668914,-6.41238776251222,-47.5476851003489,-2.56970221359203,23.5128061707445,-0.241486250575779,-30.8661616722755,-0.314774121619527,0.000157815270999978,-0.304307131033928,-8.54758544820918,-1.09365638825294,-0.77444389034614
2061,1.2417673362614,-1.40481016351249,-3.42975800398716,-2.75806433904521,15.6377372158618,1.71600625733638,30.8758455999106,1.36199846040827,10.6083145378434,0.0127368664956021,-50.4831706197739,0.653404926868811,,2.49630839477973,-5.22963642501975,-1.45785022861425,0.51757898812798
2071,-0.865831383063289,4.32339377797275,7.70827568482126,5.37878884125471,-14.2237162470471,-5.68529182698003,-16.1997660343411,-1.50594969646967,22.1398960130334,-0.469121978911549,23.4547655660964,-0.813159070458918,,-0.363731559914628,1.20611070016754,-0.192828946238504,-0.34139926306785
216,0.802235216391051,1.84666676690393,-0.764010072403848,-0.874190229737622,-5.62673134771628,-12.4594421129298,-36.9771021448463,-2.81124011727453,25.5161754651745,0.530796722140814,-18.4106845346542,0.206944091349755,-0.00126924090955733,0.0707343585912954,-7.44200828430135,-1.63269026191876,-0.570262129338897
236,1.36007417730594,-7.49100247092718,-3.73203237776208,-3.43076551492916,11.0557641490115,-21.7335535620295,-45.6491188499187,-3.71557171062066,-66.1055320319003,-0.27126862154809,-15.8825651004073,-2.50277751726433,0.000973041017255508,-0.244652368136727,-6.01840166359596,-1.19023200683748,-1.01709308044948
238,0.384451031667781,-1.9055143087402,-1.55778194220102,-2.21824387782838,-4.07754409702387,-16.9994536770253,-45.8491187128822,-3.6308462324524,-55.9135466001694,0.044016005111662,3.17708338684304,-1.57294326629886,,-0.0547181039612466,2.96635116570466,0.713262944749777,-1.27309416032227
241,-2.01411972069266,-1.73843345269848,-1.8971958506845,-1.15948763414139,12.6399860277979,-3.5226060564555,-4.69074247184419,-0.764345940374264,-27.229574724324,-0.036445203921358,-18.6029668186695,0.784929686297192,,0.0166639197271042,0.888416820181945,-0.365954590995844,-0.0775402767466066
2410,-1.96893033887783,-3.68829777812839,-1.4708913066995,-1.56237627253196,6.54152891025058,10.7148139005668,17.6039955549512,3.4330150508903,5.4672263587166,-0.357756093775045,25.307005625053,0.832505219502341,,-0.0699008501706092,-0.141287482751023,-0.198429517471264,0.687625506367973
2422,1.75615482992454,-1.26645035936289,4.48133488916621,2.39968235764974,16.5375447791042,16.6019704965309,8.2214253945333,3.33261184549973,1.35665543471322,0.296348302701305,-21.0466231037334,1.23961106141756,,-0.0566944683161398,0.434905394405026,0.0439120418811702,0.484564600467017
2443,-0.603684532887914,1.39345587894191,2.8134421620815,0.923163093370209,3.9792031898511,-14.5446058551911,-26.0258515683231,-2.72995402514991,-23.2414195813216,0.108283079150259,11.9689051411193,-3.73959369571983,,-0.230732423630034,1.68051673733327,0.821754561952598,-0.925530505441019
249,1.38189988041927,-1.36607181803696,-3.05028066873848,-2.85060701258231,1.14997549932452,-13.195025464948,57.8073097206074,-0.589979854420833,3.4050867871232,0.101328519588155,-14.4970382880223,0.536482440918424,0.000695074742342711,-0.0730966102515586,-6.27426096005868,-1.13006363195942,0.978967171508674
25,-1.96148955540816,-0.287290521096045,-0.120973870132127,0.377408541410805,-7.34422588760458,-23.5675221894883,-22.1583605501609,-4.29170996879461,-55.8763529223673,-0.488733438002508,-21.9882179717172,-5.33992027775383,0.00746070936450505,-0.212663352659966,-7.72335534747489,-1.60134289985323,-1.2275816183629
26,-0.436518163611485,-2.33427540003437,-0.904010119494594,-2.57005831622354,-6.88954006236492,-12.2761191272625,-27.576377762187,-3.03879370296928,-46.0247268991329,0.132890848491052,-43.1142396052868,-1.12953634069109,0.00636479817045605,-0.172938394127909,-4.61260520179389,-1.02073395630053,-0.860446637200421
261,0.664451015813474,-1.20261118643846,0.153309143226997,-1.14672930393294,4.64876948515289,-11.4860827419404,-28.181645237445,-2.17619763816736,-35.1264559963279,-0.268395528178287,2.08011951702739,-0.693604225236123,,-0.418302400801457,-0.1612031971799,-0.0342987539551269,-0.472470869185003
262,1.45512581810776,-0.754346411957963,0.0566696596161019,0.812572415520178,-9.41203130271916,-10.9213689816557,-34.9789850347733,-3.21156660455659,-33.4854425350831,0.214797475653569,-12.6906536770773,-0.828946306130314,0.145105701185447,-0.214264077298648,-0.450419728892875,-0.212814983953658,-0.806861292249989
2625,-1.91834198176478,-3.64324060872319,-3.32519915117366,-2.69070535275337,-2.07916011544079,20.424671171794,14.0903281560494,3.82445683444095,27.4642708205969,0.375380881665292,-0.41024952060253,1.18315299332068,0.0117122017223365,2.13430129203335,2.59742957920039,0.374920949831299,0.400211391940023
2651,0.312094700191372,-3.62619973459798,-2.40211311148091,-1.89989716693496,-9.32222491237513,-19.2885113828323,-10.2970682219915,-3.61535504950838,-50.4912525150647,0.353078231600739,-12.0048545727561,-1.05537405204779,-0.00183808324261901,-0.170012090768916,-9.54676951196045,-1.76217503261481,-0.625780197318619
2652,-0.714777293516788,-2.03806659179826,-2.53354044963964,-0.841828367573681,-7.03096059548753,-19.5964632264103,-15.2023551360163,-3.38685170531438,-14.8751110914233,-0.676346001867764,16.8370784452476,-2.56253121357438,0.00267890597420136,-0.152338641488375,3.70047694077751,0.951346893716972,-0.601283407579329
2653,0.298007492333481,-0.148314448966773,4.886876577072,2.55344259972154,-4.96661295739866,-8.82334674719094,6.25811335455296,-1.45285978951559,1.72912934610995,0.155642418387238,-1.98073022649198,0.423366791321933,,0.0245792837101688,-4.54084371528366,-0.69149283578701,-0.0526694130954223
267,0.689666571972585,-4.82009722651493,-4.27724199104964,-3.39564736073573,0.808048502616796,16.8699061529493,-0.13908552191282,3.5464767801701,-23.0173087750509,-0.326896886923754,-22.8855251548975,-0.0034944488259487,0.00432274510882411,0.0946488355180634,3.34214429591522,0.367366940003393,0.258678567002955
2670,1.91847878584415,-2.69614528195197,-2.83348341061598,-1.5976993267372,-17.7356232142607,-2.51136724158967,-28.4852644421892,-1.72859768466718,-32.9260332062149,-0.202018652128231,15.9258555244617,0.308445824512842,,-0.465406202783604,-1.99424844246855,-0.902977550112455,-0.396172239652531
2671,-0.299340762658522,1.0034845365828,1.47399477775934,-0.438820163480975,-5.1532652228771,-13.3570010741815,49.2468687957921,-0.329204592843084,9.01928407506293,-0.103900549963429,19.9963648101866,-0.604663964212566,,0.122240920598872,4.22854886493926,0.866377028013542,1.01279135654818
270,0.890166551823568,-1.97929198231201,1.33123155284274,-0.26057848562658,0.771138507535166,-10.7943216356045,-28.7608983138512,-2.47613100518821,-49.119807314376,-0.805195568101516,-12.211165751991,-1.79387874875087,,0.128039626738377,-4.93477064642606,-0.725430970009273,-0.970995893170097
2720,1.66089025993479,-0.000987088798162467,-1.71748775067956,0.837492530098184,-1.89917972813769,-24.0604789165422,32.064389024939,-3.06418608940597,-6.45632527207804,0.266174042589474,-3.55745319285874,-3.54229995467742,,0.00533518399417106,-4.57890570569081,-1.13587699646756,-0.182227058737729
2722,1.2350017178977,0.638992388179856,0.947168983815707,0.398006743395047,4.3894743020821,-8.77447671335024,-13.076436583821,-1.73233578626352,-35.8876893403288,0.361769628848536,-6.85339096333557,-0.140366459432423,0.000142384094587132,0.310152971325084,-3.6184377867239,-0.681450842427647,-0.400912299620454
2732,0.634111479358439,-1.11993405896264,2.20932625670026,0.0217840765343191,4.165749718832,-7.42500063919905,43.3881388945532,0.599360775179674,-17.0121213037627,1.76670157428567,3.80283777905291,1.26637823576526,,-0.467733319890127,1.70324184221266,0.391730669446521,0.811893453485015
2762,0.277515763792949,-0.940116942411104,-1.21171583635826,-3.2236965834499,-11.1132860407634,5.74014369508234,33.5220678899363,2.49353378987771,26.8635174343628,-0.680384428423084,-24.3941991051298,0.990451639055724,,-0.325666179623296,2.70299967786606,0.404758601547017,1.09156745573465
2779,-2.0447208229493,8.49184307219794,8.33200293121701,10.225505335129,-20.8592633148458,-10.7979327002096,-33.0510899155981,-2.72649211661317,13.1667954153601,0.0295263777363755,-1.1023515898273,-0.434969290051002,,-0.380390711115787,-4.1877160051892,-0.455815162211107,-0.615348461443844
2784,1.05769689504937,4.15664123257993,3.75601682005984,3.24560584122321,4.15236190763978,-1.36013022268666,28.9153804766618,1.08954039041352,22.1314604384957,0.0819775270542263,-9.11929732502527,0.950711638519522,0.0108896230182687,0.265307985600808,-2.00962091748138,-1.41109239651055,0.675634408099991
2785,-1.79693233196883,3.91470276822945,0.854800149853449,0.43230818950265,1.92428361249836,-15.6482777873713,13.0703137223996,-1.38425623132383,28.5682607516543,-0.501908549816026,18.3605495098189,-1.05449898104302,,0.0786739926911475,-4.68161754095876,-1.13800547035727,0.233456698881324
2794,-0.1254119093162,-1.8966159398613,-4.27020281861109,-2.90802060428135,-14.5495621102795,-22.0633496484969,92.6584754348013,-1.98786946113751,-21.1632846649854,0.484765699341157,-40.4485841903902,-2.58605284529196,,-0.450886886022213,-0.674545046490268,-0.318607805494452,0.835124115490422
2796,0.139116564246561,-1.07450368862562,-1.70875381646694,-3.43455261112243,-1.72892495658843,-23.0364986765163,111.022267551816,-1.57954823896743,-18.3707780733609,-0.0226274004056527,-2.49008496899576,-2.30173479363464,0.0133883757510384,-0.294174249630229,0.76099611921993,0.0491295800688755,1.25529016777423
2802,0.217025142063682,2.6817780909115,1.45752851686333,1.99197153889459,-7.68329872973551,-17.2018521339068,20.033378952537,-2.21807269592747,18.9050484930241,0.329704145022972,6.48983412548119,-2.17584085353344,,0.0927166566030719,-2.2043219851844,0.0493354657081681,-0.0631382530210431
2809,-0.99407295216747,-3.06761486947851,-2.87689815490487,-2.2611370466908,7.05503735661201,-8.28733964529874,69.8520778410853,0.606027357185848,11.2747075047455,-0.0764262157563377,-39.7817921575095,-0.430376708307114,,0.0198528916189316,-0.213673257230682,-0.825367896799455,0.801356998849326
2810,0.675456968531897,-1.03449791884428,-1.19501838958781,-1.05309163492752,-1.99303252814515,-4.84396846009146,-22.8669566015281,-2.13435491752391,21.0260175381656,-0.181496960416934,13.8731631509543,0.579605674741263,-0.103150846522334,-0.206288932170228,-3.24337921864407,-0.945525993740156,-0.382136689676186
2813,-0.65276895014875,-2.29749723376004,-4.5160267788682,-4.0645314607185,5.61432477699358,6.26762959166474,-31.5986495454144,-0.411439182003967,19.8109260353814,-0.908815186249761,-39.0408216719866,-0.0690136576611211,,-0.274133394768394,-1.59917897555795,-0.281972655379468,-0.434886103202853
2817,0.120763345705035,-8.03182739493791,-6.88602046557253,-6.06475965369126,10.7040503473963,-3.63125361411278,-27.9122735877445,-1.9831425939122,-2.85675927137576,-0.60376720655257,-39.409659204699,0.574389980383311,,2.06072060474382,-5.36690934588272,-0.956973129019764,-0.524780243214902
2820,0.847765794422024,-0.863700892623535,-2.15234123064663,-2.94624909792233,-2.84252310080503,-0.418889132805296,25.4859721954888,1.23247366174379,23.6329728752484,-0.575581194409474,-0.761135584739311,0.728794035935077,,0.0525315764725242,0.914089659624081,0.235772090252661,0.676698942664452
2823,0.551033914552523,3.96554483047709,6.43521653949013,6.54805664948011,-13.0105625601057,-16.660445765431,1.00646884730612,-3.13596411798849,-4.10070758616508,0.526467118617511,23.9183311756778,-1.82938461432979,0.00468899174125759,-0.100376857865528,-6.62972019425464,-0.785970107269577,-0.430575310257748
2827,0.192511741043053,1.75338090719316,3.06759486671974,2.05007156497571,-9.92233540457828,-21.7924576466231,28.586800990994,-2.96008866728225,-14.2846700220975,0.138390595455469,7.19045593595938,-3.31876146722142,,-0.207704307000831,-0.144830589167785,0.185000888085902,-0.379094487829225
2830,0.833658881087609,1.13678017442339,-0.348906515439244,-1.46807155527249,-7.04938253960687,-11.9446070150184,2.85629168173815,-1.6619531033934,-7.57186868815416,1.01649910459345,26.9906316098968,0.639964666247321,,0.292400745587671,-2.27493456713433,-0.626965117810865,0.12272778474362
2831,0.64061194945233,-1.102076349341,-1.16233557586085,-0.462129497599141,0.40965929539191,2.15373208603662,-0.412713915484047,0.614277535848872,-12.9911997358914,0.366707462053487,22.8983497264249,1.09901192427699,-0.00109554030825645,-0.039900658999044,6.2487999949641,0.940052456964902,0.188058501916229
2836,-0.532192679675915,2.02276392687693,2.67878319039682,1.90783184258743,-10.2003144378965,-29.5519727086448,27.4770923057153,-4.03848100717864,-30.0120349199309,-0.231788447104736,-3.51476529100907,-5.85717232806404,0.00180307019464106,-0.0820606749754341,-11.470265237985,-1.44231063981639,-0.996068970111533
2847,-1.76390667834787,0.0113610008144426,-2.38051840726627,1.65546700457844,-12.0060986828732,-8.62457420229622,6.90149701133683,-0.992944403379244,10.723377784864,0.0123536743386979,13.8839342962052,0.29449582038407,,0.305531198880728,-2.35186193446891,-0.365932015751119,-0.0736488587062067
2848,0.0708038563239077,2.6401932544099,3.50137059719107,2.15539069160291,-5.19874610669305,6.48090862519757,-41.3208740600754,-0.0763911241704122,-18.940551705053,0.320782842423262,-22.4287787992237,1.0719525042828,,0.123376644459492,4.75225865465827,1.1917415913067,-0.214228680154013
2849,-1.13423451565843,-1.98274658383822,-1.36691943491341,-1.3089750492398,-7.60779968866138,8.16694959887976,25.414881152938,2.18397003612145,29.1428055299112,-0.0543616004543413,19.1205316094158,0.43587653612686,0.00163753165398722,0.245230195091001,3.12368218437058,0.484824576840085,0.339963200078885
2850,0.943415352401488,0.981208943657895,5.13372391398587,0.823960210964501,-3.71311871831078,9.28414669796456,-32.0121830326437,-0.16893034773996,1.91383746511136,0.364119480329745,-22.919291602419,-0.221787994112785,,0.0798575597985302,-1.14917691924079,-0.869854574906225,-0.545788659710192
2855,-1.20929645236813,-2.33150743728908,1.74529227197971,0.598787095779104,2.22862870205706,-8.37223134296132,-20.9979764694376,-1.9896860912889,-27.8234413644473,0.242667450299644,27.9997622646814,-0.276484884764115,0.00346852876042664,-0.0977313544187557,-4.73221743479233,-0.881613723503575,-0.42290589787525
2856,1.06361043222614,-1.15992619003941,-1.37847814154211,-1.93281167791941,10.1948943477474,-21.8556657415971,60.7091410257529,-1.94610676385509,5.71994409497144,0.216434142620975,-29.3593239331847,-1.41782361563209,0.00586461549316418,0.251128424598429,-4.11290658858736,-1.00890800664383,0.642491794005029
286,1.01157787258749,-2.35632856798134,-1.45073660978514,-0.75943802519414,11.8032732408775,-1.30281405748323,-45.8129212024652,-1.88350948086596,-41.9681071059632,-0.0552318760631665,-26.6102687498219,0.945011595820257,0.00240075883515037,-0.128433548888576,-1.44911517524042,-0.879735688927138,-0.682778356945301
2862,-1.9058492515755,-4.40959010150574,-5.28794323897067,-4.20743940212178,3.77625399978613,-6.09165434779662,3.44639432870882,-0.586992484415181,14.9526233426554,0.302313679034174,30.4444597834448,1.39008231251729,,0.124249347977609,2.54705283194642,0.406116450807188,0.315730831933828
2865,0.535061316200515,-0.772956068399376,-0.951036555126837,-0.837761191430271,-6.16207536683731,5.61554386459608,-32.8807571061125,-0.277931236444729,-28.5430669021415,-0.741312317404138,-5.02733902923347,1.68930115097123,,-0.183284429892062,2.89096611995299,0.165732949773437,-0.405358559672602
2872,-1.01923655904423,0.51465571452888,-0.769992770270185,-0.0489284308532984,6.83694366228926,-0.491288365968846,-3.28727523058828,0.304448469163733,16.3570922700686,-0.117400690018157,1.89041542669621,0.395057144871457,0.000688982837444682,0.40865272742085,-1.35838900420169,-0.713880094077648,0.169783497949831
29,0.132603075198678,-5.70847142148243,-2.70698554693953,-1.84617637660448,3.00320930171267,-18.8855216026566,-24.0123313674872,-3.18495874161564,-48.5499098734909,-0.0546717773776728,-21.8458445094467,-2.35539712452295,0.00350113635384873,0.0306195694462307,-10.4365355472049,-1.49617100503431,-0.748417297302422
290,-0.836881801085015,0.875482773873693,-0.852549376125632,0.283102456220234,-8.46162801680831,-20.4604321678062,78.425477273342,-1.57158615565208,-16.6552722764994,-0.326031115864052,-3.07135763963653,-1.30420080412392,0.00064399551731083,-0.118129497905807,7.73083068986187,1.97522065726607,0.888825367329303
2902,0.241921408225129,-0.336706107077053,2.52513593348258,1.13767778205856,4.99764171595681,-7.62882683571651,61.0804194563011,1.39601787039957,3.53439572770459,0.684098181983213,-7.11896178234098,1.49767877043496,,0.560896057688002,-1.58678980266884,-0.969565172713986,1.48420860381055
2908,-0.863208535731344,-5.58923750957257,-5.00836467924211,-3.07221138076452,-5.27183322031476,-10.2667389567617,-13.4133653714701,-2.17849512113722,-63.000151228713,-0.249200731173807,-14.9260421549853,-3.40076769551817,,0.0987612133471596,-1.56546825253115,-0.527008779453024,-1.12641643652269
2936,-1.28167920085205,-3.68096984529279,-4.11428013862895,-2.4357651213195,1.2742190658529,-5.55163592269606,-33.8139009163877,-2.10119411086339,-40.3950812281371,0.772486911718656,-37.5916054046189,0.638178799764183,,0.0144896209679584,-0.33501077288747,-0.46572200538003,-0.693793416688181
2971,-1.87932001970827,1.1395524741177,1.31446932663562,0.322317971308061,-10.6088089580708,-13.5062743908926,-11.4522359559873,-2.47980091041879,14.3131445950166,0.142437163628154,24.6803311493928,0.268827881210192,-0.0781218315843216,-0.200236809751335,-2.35235216900665,-1.39596672325259,-0.187829251572609
2974,-1.31443501646083,0.746156434767435,-1.8312775004861,-0.311052903973825,-8.72360787529789,-30.1168510050135,113.141233451356,-3.07871473766326,-22.0869432823777,-0.0233022326885017,11.2509901349791,-4.30631716395355,0.0105458885922221,-0.332143943697614,-1.27857148996546,-0.145757589096101,0.412484317516815
2975,-0.634212311199634,1.05874736218402,-0.638975285355486,0.192393830649742,-5.75807874662062,-3.6051973828869,-15.8086105741377,-0.796792786285358,5.79124260458296,-0.105720329683442,10.9444493952235,0.849051023870548,-0.00268088750671182,-0.142525354731573,5.00684688596051,0.283171622595552,-0.0933040161581615
2979,-1.74478567338536,0.982768404383954,-0.519248573095327,-0.847635289597468,3.81212659342917,-20.3191664122914,3.20555336652877,-3.25240994741941,13.5482490203701,-0.256499651775967,-2.837943263954,-0.528519658410142,,0.041407012051788,-6.1753268731751,-1.60819264069808,-0.194035054671719
2980,-0.557348200193314,4.6774044251054,3.62062846445871,3.51871369477591,-9.24628188620447,-29.2739668176576,31.7234589362882,-3.79589098719887,3.83429095387727,-0.126659430658427,-17.0298804729276,-3.388964990829,0.0157844927999373,-0.180341662276588,-4.25654697553555,-0.840578291819924,-0.105156867115554
2990,0.522205704052932,2.41931753171101,4.45686882040124,2.73854334805709,-10.322844301188,-8.8460535109272,-49.8669604937455,-2.89902279842448,12.9397521441162,0.357603799528605,22.399193539239,0.557644655922716,,-0.435738201522147,-3.15364956666272,-0.690830674679605,-0.792308202942253
2992,0.279777690262007,-2.11192404694921,-3.02964071726517,-2.20045159666289,0.218549090752599,1.61875636378841,0.524749407083329,0.346111112925796,-13.7170815081258,0.928462500460926,-26.2064941763007,0.294875004829878,,-0.108447599650814,2.59941216699154,0.71715499079533,0.185374320422593
2997,-1.35523277192957,-2.23289737705236,-2.02826485593841,-1.35822673045623,-3.14288087573096,10.5237933714531,-74.9082373514524,-2.29600936213541,28.6151095447629,0.228442457930237,-35.6723313414477,0.809711599297927,-0.000647708404911637,-0.147170562341653,1.38228780623139,-0.370279669695325,-1.19047707806183
30,0.329035304291349,-0.0326695956035843,3.48908603763751,0.682135108508008,-4.31011559961481,-21.0602330626677,92.1591097837243,-1.51872458015159,-32.2351152300976,-0.533686248749339,8.24541489665137,-0.73183947482808,0.021045426103018,-0.218428880863627,-4.85317624278009,-0.914322573965064,1.26753135155265
301,-1.64341734081746,17.6815820693858,,,-19.2518861883717,-12.9541532752513,-45.3278676139918,-2.93778500182922,-21.721810008517,-0.437731950688074,12.0706238008442,-2.30091885076466,,-0.0161598096725845,-4.04878030027802,-1.19742548865575,-1.17026062855443
3010,-1.22648312936765,-3.66773162704313,-3.19856987878039,-2.85511748071929,-6.05436328216576,-4.73247313441093,7.56859321007284,-0.624953600744792,9.73041665344622,-0.362185626542488,11.1170171782133,-0.250236875156667,,0.0382762555498757,-4.43691536611264,-0.517424768057909,0.0946781571496941
3013,-1.67935931161068,1.80716276980803,2.98561588219702,2.67696637060326,-5.30204876277226,-19.7704889653798,23.9582350393479,-2.60310976377133,20.3890091843706,-0.224521609790849,18.5435781747862,-1.77769832706701,0.00649537278037221,-0.232730160521695,-3.780431052751,-1.04020172126416,-0.440526824882229
3026,-0.813883788639274,1.06217405556884,1.68958470030629,-0.306820452550748,-4.01878926711255,-5.28039206249753,-65.2518954403564,-2.88860243679174,-20.6069801122485,-0.286718180505273,27.6674311681654,0.595940064550628,0.00450079482279208,-0.0460160163904939,-0.97933635514821,-0.248436450429528,-1.16228499060706
3042,0.523120824550512,-1.98999736930622,-1.69703233501636,-2.89518555311591,-5.14685046416138,-13.3429109293869,-11.8563880846212,-2.14177881367019,4.54963427124507,0.620256302720027,-2.80833232853351,-1.5005939783773,,-0.0624023856042288,-3.58934095884389,-1.0595182482492,-0.650035726089708
3062,-1.96238434242038,-2.275650124914,-1.17637281610544,-1.10932714085012,0.0938429942549965,-1.64376885838394,-49.6583865957915,-2.56796953571329,-45.7179751421873,-1.06568969874295,-55.8504283710664,0.113564208958146,,0.129315823170345,-3.20989543954996,-1.51858801950408,-0.816393310821235
308,0.550285539405237,-1.04874908853145,1.02230208355907,-1.46003983073405,-7.50892157695614,-11.7069940252945,-17.3633461450198,-2.46807489757124,-38.1600786808405,-0.200845904343124,-44.665066385459,-1.77976272853957,-0.0889002155876577,-0.0785630147586454,-6.5360751092883,-1.56848983134444,-0.502739282548363
3148,0.686079154403515,-0.175172942008629,-2.54656649039179,-1.59744996700104,-11.9167451655084,-22.9424048638068,96.565464430136,-1.35035254861023,-19.4626787966008,-0.171731382844202,-0.0859520438751601,-1.91752766034423,,-0.0291393976399116,-3.90356253105132,-0.867618225845513,1.20882222492234
3160,-1.74148704574552,-0.72897381947389,1.08263040594307,0.726177681720446,9.6225248129812,-9.33017658655181,-31.2483098005396,-2.15874075422405,-1.43596600800337,1.56467445241552,-11.7822527259573,-0.825384736926146,,-0.0900066610930975,-4.3822593355725,-0.938726740305222,-0.787771600778299
317,-0.0313620662552311,8.11107230782324,,,-11.8738584335963,-5.93157466321693,2.35292463084523,-0.658000801750629,18.3905120545007,-0.0777017730043198,26.5261674022198,-1.08964296641216,,0.0793933018685375,-3.2992184137185,-0.861666818045364,0.00018076656773647
3170,0.872418411281795,4.93471613900852,6.64696304110444,5.47763280942148,-14.4325712822402,-21.546391096194,-29.1763050993847,-4.2764316422699,-31.6955431204375,0.596684913572688,-26.9470378432505,-1.8776003678542,,-0.104410129561482,-6.21686495671074,-1.19435161102584,-0.968081977433858
3172,-0.200305692657623,-5.60155422964224,-4.40883413002585,-4.76092493240331,-0.722194039340112,-13.0993789469353,-7.54987582586209,-2.16332481755969,-44.9039224599977,-0.0762450168780408,-22.7251771753176,-1.17648128144979,,0.147999927664225,-6.59646047313578,-1.33687951055967,-0.277356657193829
3173,0.501535123167662,2.64431218974127,2.92290572186803,1.12998744787044,-18.1986098150538,-21.9322513093904,64.9808946778279,-2.23611145375887,-19.1571531742319,0.113208394122664,-5.4309718832993,-2.06940766850534,,-0.559943099236528,-2.17768648783994,-0.44158029625261,0.72292738888134
3190,-1.97549796008481,-1.73989999996534,-2.45753840706257,-2.14574973671672,-3.02951685713137,14.573283241397,32.3319704782556,3.99882906526722,6.22702748269135,0.974333430739914,-2.35778370553172,1.16334522760383,,1.26525011016528,0.907812748685471,-0.19804206852736,0.751251068785982
32,1.38610362947328,0.902785465862561,1.30977351267536,-0.153871220883361,0.799408744549867,-2.09717287157492,-3.91168186621178,-0.0301311900935523,-26.2088397856263,0.439535331318252,17.0283208574027,0.488563240496506,-0.0876451966146933,-0.0215162183806058,7.70021030649052,1.63471981568902,0.127435717350571
321,0.598365012700552,0.496015237158364,-0.373984098621173,0.157619999535723,-2.48512020230438,9.32560502736201,-11.4290858542718,0.620417117715796,18.4023892120617,-0.848664305536566,14.1115722454215,0.309146542672692,,-0.43629121489918,-5.50649427407676,-1.20570093135919,-0.239494280311751
323,0.913206782672807,2.5328316247457,4.99976232706848,3.50347849224487,-6.97498493501812,-2.52755328011504,4.76305345989389,-0.339706022855185,21.2710219886162,-0.355180560332476,-6.26924020696535,-0.40910726220411,0.0192668916651926,0.379337820238821,-5.0625512428118,-1.18014124829948,0.0126308965428809
324,0.309286163079319,3.83837381462034,5.19817286726445,4.35388502807115,-9.44200396524263,-10.8475354204843,-32.2770919926311,-3.07626262535388,-16.3024439419287,-0.456139434956764,-11.533107793722,-2.1304565848621,0.0103568527015045,-0.294432159338225,-4.80756526169038,-1.02675733446295,-0.940105574703945
327,1.04145135940167,-1.09150368151108,-2.25126179818195,-0.66753957020925,8.0896726467918,9.36978348775529,-27.4089957084776,-0.314878737848286,18.6286404673856,-0.158239404625076,-39.4852235220025,0.0819764856900474,0.00330878378864123,-0.15324692950915,-7.35932241766129,-2.06468566284191,-0.660472558406077
33,-0.719769196210975,-0.980640572645358,-2.5296362116555,2.44122294488105,-5.46767086718597,-4.49102534711214,-69.9531324873205,-2.94546519471922,25.8314609156344,-0.902959081122744,15.7161730564282,-0.712247188697051,,0.28729131663744,-3.37177689174605,-0.4507206166169,-1.33582245330201
330,-1.89122357867037,-0.510184148840284,0.311725152474312,2.43760813954315,2.37546926127425,-0.262484525435647,-60.3663414641433,-2.37278386883954,13.3444824425373,-0.241442634126009,-42.2307434459376,0.84669910420124,,-0.0707761265090219,0.391223503918754,0.980756629327917,-0.874082581925617
333,1.68058234431898,1.74501059952842,2.70165544041957,1.50016372919297,-11.1222686466855,-22.5454469534625,20.2501646892153,-2.7036530490738,-5.27134303634129,1.48116648649015,-1.50269073650801,-2.47237481653217,,-0.187878245697175,-1.24739282362442,0.245047280502823,-0.0471051049822783
334,1.06271604993506,5.3856546317448,5.30995808018926,4.4308618777612,5.70068920745449,8.17021046024924,74.916991010317,5.0052597834286,18.4489301392555,0.482194128410004,-44.0805437545627,-0.213973073777549,0.00123555439016614,0.117574333155451,2.88530974376356,0.249779725122284,1.59305487539763
338,-1.54166958467992,2.55641978681816,3.98276268304739,1.37968052656194,-2.87108573349253,-16.0178910487476,-14.5291757988691,-2.92512321976878,15.1719413910506,-0.106388155828003,-1.73877499697061,-2.60383065539391,0.00605190645982141,-0.127770337358808,-5.2715797056219,-1.33781274464026,-0.9153411588411
34,-1.61668471918597,1.43869059350404,3.172391944593,1.10300238772705,-5.59358829726244,-0.960997953093126,63.8203289923225,2.11695407098028,-19.2523536528266,1.78489238164285,4.52010831733084,0.245979124404849,,-0.27836921700223,3.06559208684806,0.665723166994366,0.85971651824532
345,1.53469608012024,-2.50175200284724,-0.943303335385341,-1.19139709077073,-0.711342485044831,-10.8514373313562,-62.0177822252721,-3.52519000247029,-44.8414733043389,-0.277862506501101,-1.4420501740181,-1.42012330372013,,-0.071323259476576,-3.81538434676535,-0.45260426178324,-1.2237162154925
353,1.23722815915326,2.24773020032207,4.63164982492615,2.62078071535128,0.991277889212974,-19.1687817839327,48.5975891243035,-2.00812572255662,16.6886703872627,-0.793544124573068,4.49952433763862,-1.93243168056206,,0.354857467984052,1.03334198453759,-0.390645755592382,0.324857118165751
366,1.96191200243781,-2.9679702587197,-4.58183392658836,-3.08571059617746,-3.0183726099237,-1.21878181400364,-40.9647603523286,-1.67118023191535,-60.4964281845169,0.0894356879327201,-56.4620600374553,-1.01511618061475,,0.818985393758855,5.89853668911133,1.36620383464697,-0.884263682087583
37,0.278371770325522,1.48555816296513,0.660200953757428,0.841156556391345,-2.40468862947784,-8.17593972848506,-0.0614199512228135,-1.25575824393307,-12.3347425940966,-0.342825687673398,26.8156803933108,0.092136371744651,0.015644683445537,-0.132566210598801,0.67487280834365,0.637980653327192,-0.0506612337370644
378,1.63720611978394,-0.153643134108715,1.43883146839147,0.710669288190556,2.79617628317342,-15.02058845145,-42.3668291833518,-2.9244251912858,5.49288631108737,0.61055422340539,31.5447775491866,0.0669949575111368,,-0.0253368483573419,-8.2847014205171,-1.59955480826423,-0.76181921448914
40,1.39759800393597,-1.05719364788997,-1.186821231934,-1.85286160228709,-11.116571820621,1.08851436275002,-33.3540107064129,-1.74478359990078,-40.5720207187704,-0.0113576481080615,-7.14757429920978,0.123946056289168,,0.161657248970885,0.312623865830999,-0.475178720656637,-0.990356586293152
405,-0.991507617416333,1.1680294179659,1.64819838438798,0.897934787627646,-5.75205306705832,1.63908816721664,-1.72458433492734,0.307989769198329,12.5831251245114,-0.964609299415344,22.6306423367095,0.631262560851515,,-0.186179231963612,3.97373432565081,0.995526913583554,0.163647991982679
409,-0.159949711980009,0.447171140292974,-1.24016857946955,-1.44208593119273,1.37166514545747,-11.691037423127,-45.5592315590396,-2.8913285583462,36.7290416422648,-0.366239637135616,8.42592294416299,0.491173554424118,,-0.146330793702124,-9.9001733538614,-1.72078563336345,-0.608295399265219
410,-1.06140736066742,-0.206160378751619,0.69621749046369,-0.591447664457539,-0.364421496714234,5.83489806705633,-10.9695077743168,0.501288827563532,31.3625844269891,-0.387758001488074,-16.4346041520062,-0.53020595303862,0.00144378045064737,-0.225900419560155,0.999337894783418,0.165021910040733,-0.0511750442883746
424,-1.59942032273918,2.68343453940132,2.02582546265631,6.98896685439152,-1.41034331254673,-16.5160777543147,-15.9579973762282,-2.65463485056637,15.7415724988753,-0.292154022967851,29.1994756106049,-1.35099483175171,,-0.394906623000523,-5.87245048424276,-0.95744389305489,-0.344507995014032
428,0.270300580221106,1.85358179827353,3.12613378617471,1.47519411394196,-3.98021418187222,-17.9309449628164,-13.675846951814,-2.54409945668828,0.63789359752541,-0.907844280461828,26.8856940192391,-3.29322947631814,,-0.0468137683748016,-8.26445819272974,-1.30000913113198,-0.444818526310437
43,1.82409201193595,3.54388980554852,2.49386338134802,1.69805812142072,-6.97191643098433,-17.7468490898847,-46.6735968937303,-3.19143657990941,1.37730249670709,-0.998707412837527,8.85156510123379,-0.866706319875114,,-0.33062024261885,-7.19267229293483,-1.81470019348994,-0.993107614182635
435,-1.95448542384969,2.76575140662736,3.34044918967129,1.35275246984585,1.31990843916396,-12.2473510425224,-16.3519894682436,-2.1761157673089,21.3140139335325,-1.33307291724543,27.4879535465693,0.226130770535107,,-0.208829249945378,-7.94342343683679,-1.10500685892056,-0.14880453457319
440,0.183768831568216,-4.8434814485845,-2.75712124203202,-2.12073490201419,-9.89766111935159,-11.8726248697551,-1.98717143783547,-1.87751178887638,8.02110878425811,-0.228202286705207,-3.6986821805053,-0.369252342607528,-0.0003897846561901,-0.0636310543323439,3.39044601173233,0.980006809342353,-0.0742598024646129
445,0.837800711825442,3.40127408333401,6.22609019459232,3.13796843573304,-8.36684021062955,21.2559480233992,-4.47272447330866,2.61716175402412,29.3772183738225,-0.220648915879937,-5.48392356241765,-0.387890758786196,-0.102937410504629,-0.114430596253148,-3.4090370461069,-0.565084964519257,-0.0606714009281992
447,1.30861344135938,2.14544829622322,1.85385570149754,1.0882975351345,8.49535428294973,-21.1915878841053,65.2256643991053,-1.81140549939719,15.4071145315004,-0.400765073468638,20.6438167728276,-3.25583998861731,,-0.0123409514393822,-3.55577872485393,-0.706523395680895,0.127353229522577
45,0.434117028034964,2.19467532779781,-1.62028976718252,-1.06073273651358,-13.0421900738357,-17.799705860491,65.8252277868734,-1.0095495500889,-9.82701119373656,0.426506899686439,10.5041944261307,-0.783094564401648,,-0.399463136730309,-2.5043972316732,-0.155478988704102,0.847709606642972
457,-1.3419837950084,3.18260725660412,4.23325853089081,1.43572015721424,-2.13588123521394,-6.8769915697371,51.4404366085015,0.134371311787165,17.3879553169963,-1.19552461627643,18.3125346413306,0.379335260725778,,-0.238381367389878,-2.75995631174991,-0.147783749529769,0.708816635699928
46,0.801407081943314,9.0940427808567,8.97791549481392,7.5186323170394,-14.5816567963823,-16.0234649094274,-30.8701420792596,-3.32845621745019,-10.5127928501832,-0.22644975587229,20.2240664896986,-3.16042681112756,,-0.0507140130243084,-4.85325126506382,-1.03940190008568,-1.26049383286627
462,0.523157670663218,-0.646357568839307,0.503123428381528,0.205453812556114,-3.78093274961621,-0.45629360883223,38.3683597464464,1.12326952500205,19.8682665811515,0.432358956033001,-25.9145340241802,-0.30836866491273,,-0.0381702818600281,-4.00839899574543,-1.04574040810302,0.645833526643318
465,-1.97258957795997,4.55286766898625,3.49272941136054,1.81537590516438,-3.20527013882953,-4.56993756479645,-38.3420289030645,-1.60394024996001,31.4095875629544,0.0182082305833295,27.7313801736346,-0.123269808199341,0.00272900820355902,0.10586174767775,-0.419959622716799,-0.227963649132493,-0.552026419409471
468,1.41125904297938,-3.60196426132829,-2.10112186116131,-1.55113539050499,6.36313114593921,1.76817165137394,-59.0612803798803,-2.12730352628209,-60.8577137424294,0.182194931409625,5.21247582608239,1.69314095825859,,-0.189724319743952,4.64564878772583,1.21946984717729,-0.851277452266566
472,1.39262764507834,0.0536667506033916,1.02596751995043,0.399981728354636,10.455610379255,4.77017006683399,-29.6032264988472,-0.817707479654503,-11.9910125842435,-0.228937151245207,12.631340226271,0.367527930649327,0.017766629482863,-0.046911580452325,-0.136195270027143,-0.414838974731423,-0.541764438387557
473,-2.0322619135939,-0.34145330298394,-1.93880035862574,-2.39505428972082,-5.42805507166018,-20.2783655573601,73.4024243985332,-0.788019813182544,-18.9891469254411,-0.744979560594686,-16.0903263564714,-2.52780773210237,,-0.469299647619692,-1.50427407656942,0.134077270904657,0.621357338675457
483,-0.211737903737525,-1.44205422840587,-5.30629412124049,-4.71395571691163,-13.6477159413582,-16.6231913615629,-31.6575073904959,-2.91331484739881,-48.6621450835505,0.104193011704937,-34.9140361877386,-2.0964658372302,,-0.0161481873091851,-1.49750905127217,0.22908967315756,-0.687663680162899
488,0.975192907434944,5.19578306436052,3.34607176386869,2.79261294319859,-8.90894199998976,-14.401180739877,5.76481707669764,-1.64856720085033,-18.3483185977439,-0.236094386217419,-6.6845723720651,-2.57994092624864,,-0.107155775692699,-2.83332744767506,-0.274713735273903,-0.358754684727525
489,-1.43566608733726,2.50235444517063,0.0516429683996301,0.271797246960456,5.97728591756293,-4.22291332019748,7.83125064578366,-0.45783718494893,-46.8549393202173,-0.0334212868165418,-3.67703075158894,-1.58399356052713,,-0.0171383277719048,5.52746512238146,1.02777078743624,-0.353626284526142
49,0.0345519351137223,-0.125847693498873,0.99710895734901,1.07716674629427,-5.4889055630984,-5.47727322505206,-28.6760778005101,-1.57007838202562,-6.22101840026859,0.609409035504767,-0.198189936322879,0.319848669781104,,-0.404266941712322,6.0622589192362,1.20913554852979,-0.494530733541327
491,0.505434945142529,3.21671506940124,0.255468154011416,0.777659221657353,-7.12555635372852,-8.72398753006983,15.2201961156618,-0.370416458453684,13.9586851971779,0.235112637489744,29.0259278221395,0.349473368488024,-0.000588381354741325,-0.141550726642369,-1.580941620653,0.116479156134856,0.570437328038138
5,-1.99381991496112,-1.45608438584317,1.24828966360048,0.138931984131357,-5.82410177019724,-15.6282275007506,38.8390770044083,-1.96912761085083,-46.5255547755875,-0.0881770396958918,18.4965820174447,-2.37305987301248,,0.0840329812992223,-7.64895370659295,-0.865149317039372,-0.0552290601101981
50,-1.32677105753908,-2.61523438082025,-2.76274389352461,-1.55362793141351,11.013844478843,-7.61490116150838,82.6355937404199,1.90277829789044,10.8034173983658,-0.0328824767586888,-22.7959816928771,1.18267490277605,-2.85583736291921e-05,0.377107022402821,3.42122727495033,-0.262816138815041,1.57507053398612
508,0.255659574307944,-3.33549065686218,-6.03592519891387,-2.55847092689692,8.9812544127132,0.819570786178616,15.4296527643827,0.997152244126699,-8.84099725180802,0.10583849349752,-26.6311510347463,0.120365954449414,0.00128136066340572,0.0101275365949222,-2.98868873929875,-0.366403073420799,0.188807637308444
51,0.122614363510814,1.48015024985466,-0.349361311350548,0.0622034763594915,-15.8682924457704,-27.7590222350534,141.945699386693,-2.18080634548512,-21.1226029365275,-0.924581532122907,8.3408240127821,-2.90030428144811,0.0268609515546078,-0.293136646934677,-5.81192847259691,-1.33949492600699,1.22581681998965
515,1.44118073164647,-4.20160875659909,-3.41872487397434,-3.11475460262123,17.1359843068407,0.248474640939344,31.8905240696346,1.71080878697433,11.8364635727734,0.121844900522144,-4.18274673140635,0.715724249620773,-0.00173554450605156,0.0302450297361994,-0.300873124832223,-0.817522249305162,0.777748546309138
52,0.959564944246251,-2.65704124366932,-2.30909005551367,-2.8475111910265,-7.47361705939141,-27.9689770061882,-19.0829156807053,-4.74590263425691,-53.3794583822098,-0.313041303836421,-29.968852588455,-5.92811147754399,0.00236073274618789,-0.146244758789232,-14.5890679880317,-2.49564339662961,-1.50044132754646
522,0.530857980301663,-0.691830228345471,-4.16405906492472,-2.53250469586392,-2.34306219133538,-14.5136129977001,23.4282638873037,-1.83995566477517,19.2600958997235,0.580144588463259,2.96160011783409,0.96649841440288,0.0179368030536356,0.229417343381904,-3.28188720577897,-0.421083338197532,0.460008000211747
526,1.63190397347714,2.24729949264243,0.921473317030607,2.70963150676717,-11.1637908119574,-10.4014173114981,47.1351511690115,0.0870730052695769,0.972385220438276,-0.214555879695279,1.28708646436897,-0.707856644278501,,0.676205688019297,-5.81429295635398,-1.09074101471076,0.438588792794292
533,1.33695070225187,-1.32265091734537,-2.55243669036161,-1.60951400145028,-2.07821477521638,0.0235187827938077,-43.9487622772437,-1.76048068112741,-31.1472491024772,1.02909425187655,-1.60304080971096,0.992485464467871,-0.00165863029303874,-0.26233237185237,-1.37676788771538,-0.505903815601865,-0.635096849948589
543,1.91503542186943,0.823752259638397,-1.09655019122112,0.530611080842576,8.8024643140878,8.42442576157568,-57.7134062229529,-1.1046107715322,-35.6247204276421,-0.532152938976618,9.33766638724027,1.0483411657364,,-0.0745125149383191,1.29695727966003,-0.490776146417597,-0.875079041770462
546,0.18685106281171,5.20517814934075,3.36217743413744,2.20203250567884,-5.36417854152698,7.9453981732945,-14.3251217753844,0.694206897991809,32.9144513461555,0.588300304262175,-15.7798012157544,0.622910368953871,,0.366730096107191,-1.39854909776438,-0.250259070264699,-0.118798598704582
548,-1.94774386798319,-0.771421864260028,-2.81908485578646,-2.7772403947057,14.5361514152581,-9.50836565759694,64.1585439986885,0.425518240119142,35.6585130918573,0.296745213926902,-37.7549424506608,0.739709567955641,,0.0413447414791311,-3.67703992974472,-0.609033886536136,1.41609075305406
549,-1.82923343868027,0.387143650030812,-1.78178787823481,0.0816289859665594,-8.58843330538789,-6.21913712018026,-2.33037583158305,0.0696138078806428,-18.2524123297355,0.544370121295635,-15.6159104939454,-0.937529476766512,0.00884073054534101,-0.0984983917243756,3.13177864696542,0.303491286342733,-0.124428381118967
55,-1.7257634804836,0.287441211149464,-1.3007797880475,-0.746986118984666,-6.02461140193673,20.7102633973568,-26.0904574512075,1.20557981365387,18.6818987231386,0.21259410089109,14.4847602072205,-0.125513280918178,,0.0129788397815747,5.97697072915594,0.762836114042407,-0.5330204073681
56,-1.75834704961931,-1.11817040530784,-1.29124359533346,-0.216575954980894,-1.35581564381829,-4.72189889738254,-23.9485051938462,-1.53974902809712,4.28072917698514,-0.782869818621247,15.025477770716,0.113228102775966,,-0.212316892034459,-5.59857279197637,-1.12542008537596,-0.312040747472661
560,1.04388140807283,-0.863779255049579,-4.24786506216111,-2.60233950499683,6.69303192195096,-13.0982787035193,101.092099963201,0.696096683392919,-2.45809113547997,1.42341192389514,-14.1100799194455,-1.57349375824751,,-0.229588185086386,1.63671163257388,-0.00259690763451172,1.35465258597076
562,0.428406729652554,-2.80896430278279,-2.62448876827394,-2.899266361002,11.2482273275718,7.40628595035194,4.56101391395206,1.44433686702773,21.1473119159567,-0.0937904543222117,7.06207004557452,1.42093306962743,,-0.0259389658024437,0.543153018548258,0.0356600064658981,0.419909265715837
564,-0.827825397185539,1.4230941232566,1.78241083951571,0.910426122026811,-3.06045640210301,-16.5923654872115,30.7420449213624,-2.07021230741256,0.488129647427006,-0.287516073762871,1.32039946953735,-1.76451244870437,,-0.481195511135663,3.62067448509258,0.762638697928444,-0.126119780702502
565,1.65172206501865,0.688313257604573,1.80015896598729,0.119836330317903,-4.929033768836,-13.7434916616421,-22.144875637,-2.20308674483972,-44.3454845839657,0.0320696837369071,-9.16353057941113,-2.05073640089201,,0.0903128984414671,0.16972358667928,0.507918252236635,-0.459150056864626
567,1.04241139342401,3.82346514311348,3.18262627668447,2.26222111041912,0.501133205406815,-9.38313315071056,29.6075199860677,-0.576471544339131,18.1259098312058,-0.618102278160931,-29.275362527108,1.00046253292254,0.00316540795241199,-0.0480725691211539,-5.2756777274985,-0.834469065059715,0.593548638161443
57,1.54106190440615,1.09645611558134,1.65361216198176,1.33671854092407,7.85408944496407,4.21740930287947,3.62698797662671,0.960628061754247,-0.498495650591581,1.19466193873989,-0.548617571056721,0.757740682667356,,0.207416762513085,-4.60072141251073,-1.01856876026281,0.173645133108652
570,-0.0724690998450873,7.5002353545003,8.01872748646491,7.21418924549457,-1.52764043947967,9.09892567777927,-62.315635417868,-1.74862441356157,-5.00189771426195,-0.452493377418142,22.7103498628154,-1.67290460467452,0.00222737096737609,-0.100778679960526,-2.55073711386432,-1.04995344155092,-1.36402890312368
575,0.321862562949406,-2.25755236325088,-6.9785262600093,-5.6351254676683,5.97040569340068,-8.43768373911839,6.95743673938081,-1.01200274552389,-31.7656277821322,-0.730165408990487,-39.8490323373746,0.455891272343339,,-0.204294344780289,-5.4927802654446,-1.83489245597326,0.10677168069836
577,-1.75822462417107,-0.118980716730951,-3.52695627861675,-1.66709143332298,4.70043515681255,-15.2539551748835,60.3135685807643,-0.504423206611201,1.18290818708833,-0.111432156249725,20.0554767005819,-0.340202911246868,0.00925908066784606,-0.138083985353958,-2.49534481693038,-0.966020826527734,0.590133198575707
58,-1.41832514541491,6.86163444906755,3.49208915176545,2.87406265463586,-20.1634179326585,-24.8141194931762,-7.64446467774298,-4.03885336161855,-13.2912543330369,-0.0561641652640043,14.3375076083647,-2.96323723972778,,0.0117046670912098,-1.28629170406741,-0.232058361472249,-0.894668655419633
582,-2.05562067965903,1.62541466388851,0.705783093189044,0.271160552184025,-12.849217210211,-15.9742101370129,-35.4461284359962,-3.18586529996045,-5.1701703222086,1.62814274140072,30.1846595830609,-1.32322349039025,,-0.055310748693397,5.86737355570186,1.59439766387046,-0.75674900429681
584,1.04791808425377,0.590313262362183,2.33297134984383,1.90030017470179,0.197931295815241,-5.56296164992089,37.526557731336,0.520130372547525,-12.861377761585,0.0293358246654097,12.8503083287433,-1.01258865317293,,-0.0159397653940731,3.9985321693904,0.726322621428832,0.344567680242867
587,-0.317156293516461,0.72614699723988,0.0312347483604333,-1.56290873710161,-8.53526307750807,-23.2882136869477,61.6635746434039,-2.68186148446728,2.46908559534347,-1.54726572793813,-2.40400260709505,-1.69940784728749,,-0.414431900491567,2.61073089326328,0.697361686006549,0.648793114363694
592,1.60874691940634,2.09055174640756,-0.140981860449371,0.177886569111817,-13.8135789239432,-23.6659626950694,94.0183100287646,-1.60957086968194,-23.8457666700618,-0.225181152167394,-13.2157775348735,-1.01984312903441,,-0.0843749638309803,-0.423188170401513,0.562738130254682,0.889903573372269
6,0.611223985542314,0.0533056599732237,2.76121607961291,2.61408432599566,-3.19914940541124,-20.938750094084,17.9266343409003,-2.74163540815147,-25.5577043733828,-0.237918684751846,-17.4087633538824,-4.22992457429335,,0.356202155519316,-6.01277157758814,-0.998928666733176,-0.639310599845149
601,1.66763091216892,-0.210447374801403,-0.395063663960805,-1.37767963145649,7.30877563983741,-11.7590266960685,-9.75969369804445,-2.31630019256728,-42.4642687461395,-0.233054180905596,-48.942787952304,-1.94311410136448,,-0.121321638872967,-0.828457468888449,-0.0207344796564167,-0.602843695904341
603,0.204203284675799,-2.07315722383841,-0.639412227390965,-0.612065564504178,0.0133455060546041,-14.3196433169723,-30.0026992593745,-3.14682657864205,-54.8516607746379,-0.346746307002744,-56.6415310657295,-0.994030401018847,,0.474757961442965,-6.89238211548954,-0.983648974442372,-0.63795367698332
61,-1.90517411530276,-1.28089200490495,-1.9848896040907,-0.0841771750791584,3.35555605904407,3.14307429222928,-29.0037371949278,-0.521341289174034,-7.41308463396346,0.622299178991058,32.0419286220509,0.860956983762602,,0.0725611161785893,4.01626532834222,-0.100386495899447,-0.366351487970293
629,-0.606043653625932,-4.11086951584241,-5.42716354851364,-4.84546069074311,-6.2322042903967,5.86394370847947,36.2198228802357,3.77501256250675,9.57983493061333,0.0752470083585594,19.0975748200307,0.172540561584965,0.00507161154991513,0.0710153318658396,2.99066070247386,0.603125594561347,0.740839657709636
639,-0.0696734335464211,-3.57715950741541,-3.08063332717795,-3.34364710367241,2.66619451209201,-10.1316124212365,53.403115019864,0.206478152276626,-11.2998269086828,0.229211716416547,-7.87176928105116,0.702084514814513,,-0.0197827329106166,-3.69990995920942,-0.892207147413815,0.928907014526591
65,-1.56280671052625,-0.170424769854902,0.383202183584875,0.363728419673606,1.47742130050453,15.8199130049001,23.1917473666505,3.75301984263714,2.01436112806335,0.225072241792154,5.65379904841663,0.754629161599383,0.071965876110367,1.2285910502738,-0.347924787624528,-0.459246428715557,0.502254097050828
652,1.75298150685661,-3.59613196158942,-2.08386588795388,-2.75969861670276,5.57288977039752,-17.0744676194321,-16.3655177013962,-3.05242931375453,-31.3965023516816,-0.707850152677863,0.8031686123902,-2.73825259905752,,-0.425769779394632,-1.53593771428982,-0.0610781773249231,-0.675018800703603
653,-1.60422331150703,-2.81945136242504,-3.44455928294971,-3.0055366698057,-6.6219135270744,-27.6717153628689,197.002468363602,-1.42901575649211,-21.4255274225415,-0.390467345024032,6.51514906085057,-3.55322090076039,,-0.226178418512145,-7.82896832706321,-1.63816748449195,1.73544905817349
66,0.189032680025351,5.51021170232851,5.72853190924039,4.86633555955797,-9.31724610964277,-21.451392027556,5.06346984190164,-2.55242655441645,8.74404396784168,-0.0507193891854727,9.20434151281732,-3.62200942445834,,0.114731900672349,-12.182080105956,-2.53452535794021,-0.921638896026116
662,0.566201899914378,-1.6702965603716,-0.750892855241617,0.197686688584863,-5.05513330903476,-1.5050210621924,-1.15156434025199,0.417588655721002,33.8740916844607,-0.450461147598023,-8.39277544782229,-0.23333164971045,,-0.112168564055752,-0.0980239115106515,-0.862556500332061,0.149338671552064
67,1.0474627008829,14.1029687261731,,,-12.5959829374279,7.76379809524306,-43.9186611636248,-0.86396408856967,19.0982286686454,-0.511330083042812,25.4599526764066,0.494869278262783,,-0.213212796853361,-3.32201940126501,-0.0906840745989577,-0.887646872426354
670,-0.138323448910152,0.124940624635943,-1.63863642870027,0.209710982762923,-0.37789870826738,5.79553310729577,-39.2163014354824,-0.845989193011363,-15.2754133277535,0.249936026895237,16.6639181538394,-1.04804690858255,,-0.115926710312348,-4.41534998291449,-0.785736397606285,-0.933981063259928
673,0.314408933691621,4.09801602321507,2.28432136868423,3.86727478870853,-13.8242403371207,-7.60437495199023,-44.4593459744726,-2.68351958894046,32.9125349101761,-0.518090865410295,-18.2355229186658,-0.467246184326443,,0.102086509256272,-12.6407175969928,-1.76967460572792,-0.88516669876621
676,-0.0247981810157304,-5.49408059247045,-4.20635007462313,-5.69457141288537,20.6382307682664,-18.186015310587,-16.2972085914371,-3.14579431246716,-45.7874027877586,0.101392721657034,-1.30977385329642,-1.34015986757584,0.0155988849854881,-0.152152835534128,-10.4498152414319,-1.42292437719689,-0.521759004401193
678,0.545295092706504,-2.03867756891324,-2.47179559249382,-2.27356964531727,3.13394565588289,-2.06637858367432,15.8401359699815,0.184357072976916,-4.36505269561679,0.290297991721472,0.309675117321856,0.632664074842775,,-8.42742999235536e-07,-4.74287254066709,-1.55474600603426,0.288500801007841
68,0.235423452799046,-2.52224409300858,-1.91879119468957,-2.0875227248472,7.13125493568836,-9.86746230829975,-61.9735936737833,-3.23242806060182,-15.2469696633013,0.353843630334933,-41.505736230476,0.359692287922558,,-0.404201084120329,-4.13428183794279,-0.700998894274601,-1.09935795211916
681,-1.67715563062222,7.86994931406125,7.63026266907701,6.83614815962968,-21.7347227960497,-14.0454918609748,-28.8370916251722,-2.63252997694279,20.8511407096083,-0.319720802764655,32.2868623609086,-2.38613905463765,,-0.0468746501591746,-0.680394545319935,-0.320467442006531,-0.764533576466934
691,0.0707978981528177,-0.27331612568307,-0.0613146944910173,-0.92947135841125,-0.335362689544049,15.9706430046037,28.1523819778784,3.84952485086114,25.0838651280539,0.887121069816727,0.429947702211532,0.92630394088447,,0.144832032422445,1.52912555982393,-0.00989892757873325,1.05535105062997
697,0.866422043365902,-1.29469735143111,0.54515038250884,-1.41172618989995,-1.25141764901378,1.05003278844233,2.30976412967078,0.168084742830012,16.0354077860852,0.107210114243018,-29.5590101086141,-1.76752334425325,,0.0162331312741618,0.681201452022147,-0.409066214094502,-0.0970308058518406
71,1.84774963716671,1.55333101310817,0.525824136248316,0.57255662416178,1.76049958770099,5.35526884931755,-13.8018529139888,0.387151185112813,-0.791000346947158,-0.0211101593627405,-13.8085268104228,0.786271327750064,,-0.0278781025871656,-2.98500618237807,-0.780772239942736,-0.0903734731056633
72,-1.60145941228873,6.90047767836833,4.9358407336249,6.23580857671061,-7.91322051017014,-19.6852932821514,48.5911803184306,-2.23212009362721,-22.3657698203875,-0.33484728590094,-11.0115742973793,-3.69613882624594,,-0.0687458886794129,-2.86023973948524,-0.808235416233198,-0.224348672355928
722,0.697339901730911,-0.722961734943036,-1.55636582859341,-2.04053134381775,-3.59235309543094,-15.6470378924114,-9.50585051052581,-2.74327667239635,-16.6287431733451,0.0368600121477521,-3.11050860423827,-0.593172734214563,,0.0394629807281868,-5.22978427836447,-1.13400506626315,-0.350969170054073
737,0.8996713043133,-4.3264571475704,-3.10579364718462,-2.6853200476304,-3.2401208045163,-11.7537737989744,69.0846474594007,-0.0431554221864844,-31.3946500935784,-0.0124378775506714,-0.129399484367948,-0.667314735795359,,-0.489209279350105,-1.77437647579114,-0.21643141369829,0.852486385169419
739,1.56611318041247,-1.34065487982493,-0.766604858377856,-0.164683963699771,11.313285666903,15.6611933088408,-9.98552025508478,2.17931219254277,-15.879748569592,0.185950618452599,-24.0023189892874,1.13418765746785,0.00880344191985214,0.831689257926748,-2.33771064136046,-1.2322032983348,0.0623770737501169
74,-1.38622775707302,6.40098203148484,2.89212411057205,2.2410294309344,3.43216624492474,-17.0043886214531,111.060544651565,0.459583610684839,13.0217136119064,0.0899267367056202,-15.1947604093916,0.0489932406840333,,-0.225345735566295,-4.12772633425287,-1.38786055805261,1.89366075709434
740,0.730533192746307,3.37182138211195,3.42655332260166,2.65108364187002,-8.2448723058873,-21.2863782040333,21.5231223947112,-2.58499905448303,5.5587440584887,-0.697309946982985,-40.0419392770558,-2.12976635807948,0.0219649794991359,-0.421287031885552,-4.85758402205378,-0.84926177257104,-0.0908567594429558
743,0.231525087191606,-0.402708604875069,4.7123489951689,2.39205226082621,-6.64332626379474,-3.98483875079889,-21.6010103396114,-1.34248372991302,-14.1784510661346,-0.448043325043588,16.4675373871171,-0.7365832273933,,-0.483518902038815,-4.95639589714491,-1.12555137619005,-0.441326757367535
748,-1.46129869410228,0.906023183559534,-0.188747859627274,-0.560729628791782,-0.930314509290195,-11.2710440388433,53.3329980015221,0.0803658378800495,34.2840480980564,-0.147268575760277,2.0619988501898,0.687136740769044,0.0013201508416895,-0.218145693172972,2.29444520387666,0.244292886804507,1.19647342882177
75,1.03681817248278,-0.486885002666639,2.22655110704325,1.02078039009234,8.99091778317639,-7.84433129620484,-52.1030984710816,-2.80684160679819,-54.4911446637098,-0.078200515786997,27.2691563143904,-0.180298321122984,,-0.0635979666054966,-3.55480338914448,-0.89078713115711,-1.07409134856836
750,0.0688723774499043,-1.40584810652189,0.210943852590903,0.45949662453273,-4.95558125360451,-3.87354443536971,18.1136630759074,-0.0963998828503949,15.2827472196802,0.523964522598524,-14.1226534802547,-0.977397762555711,,-0.456218777574606,1.09332560050431,-0.0771113315283444,-0.0626021237329274
757,0.861227400914119,9.25815010907636,4.25631685463137,,-14.4788732447269,-9.14143194417229,75.5755170434454,0.472276151004921,18.8615492221235,-0.316739278931328,4.629225500358,-1.69843617514416,0.00365482413483484,-0.0667990622437959,-3.10337060375565,-1.05556899995567,1.01591750865237
764,0.834081891982102,2.75190071760451,4.09804048761551,2.12637156656472,-5.60238650933386,-17.4376602676836,35.967336098146,-1.75819877407568,3.92526034469592,0.569229813384193,8.45515624635606,-0.541390563054605,0.00497174799387114,-0.236785615451233,-6.16986954118683,-1.11351616768012,0.443156470296069
77,-1.74787013520128,-3.12411636392654,-5.14225100379432,-4.86502181126431,19.1196438250679,2.9037298002342,78.5646023928762,3.99576482536246,9.52677598565322,0.0924888741468797,0.559197545441917,1.21010220776875,,0.126607305486327,2.9445054713277,1.23552714150434,1.82076151493268
779,0.575056577789618,-2.97088842153061,-2.55222962375806,-2.12970612185963,-8.30670443780354,-3.75078331081126,-25.9062201966328,-2.18213739275558,-19.5868881121654,-0.121811285122981,0.128806149550202,-0.0186908656489295,0.0061762784684103,-0.303356932821647,-0.766587614632122,-0.0271664133571294,-0.48275572345295
7828,-1.00483086044599,-0.584105457284248,-0.492783164873114,0.112298914605506,2.29792276415995,-11.7843464866719,-18.3782592311218,-2.71320482194582,-55.5357065521853,-0.541629247724348,-17.9042742746887,-0.781450299193229,0.000834655837561536,-0.127253178823284,0.893119243763362,0.332065830467176,-1.05361291788918
786,-1.70412066043536,0.925337225275686,-0.299237921768444,0.559969235466386,-5.82183416711415,0.802029345727487,31.6995067439295,0.927235997903978,9.76432876342434,0.344576451494655,-0.194009168375109,-0.614580062997158,,0.30721299646657,2.25750264268539,0.43240985029072,0.265672779536451
787,-1.92904162974307,-0.0861858411423986,-2.28252698960069,-1.2186314949319,-10.0065654610375,-15.3373775916892,-4.41475324154359,-1.89368210296134,25.2911515033536,-0.438250030639541,25.4778691837779,0.175847716804799,0.00427209006674346,-0.165639907308328,0.202146377292514,0.00760137448168431,0.205587807757775
8,-1.83925400944111,-2.79967100243201,-0.40186230457287,-1.25578771208887,1.35754545383099,-4.99740884720286,-29.263689088794,-1.6997565909246,-9.1219197026329,-0.0306774110251159,30.3853361934007,0.442454385858517,,0.851585227275344,-0.616004305261412,0.311704246814496,-0.332188592555013
80,-0.0623528844841229,0.935186170256602,3.68906198120786,3.10279098740894,-6.97170716486979,-4.33287067239461,-16.0465955537917,-1.29920654248651,-28.3543444101132,-0.734975659143022,0.0638475844489322,-0.37213315390362,,-0.238223801766473,1.02533199120693,0.258792890796755,-0.410928301519571
809,0.975242427951357,5.75132398792788,6.87941120859768,6.10889719577724,-10.8324850156154,-20.4745873302175,-9.93804042775094,-3.25071211423397,7.31230262807409,-0.47846419329439,9.51304449064437,-2.5668545221466,,0.169393890091008,-11.0381576328444,-2.22011025881257,-0.938071530003858
81,-0.158294440696769,-1.93809667296062,-2.37125780632841,-0.324564119725172,-3.98657712620813,-19.2973996043788,-15.4662851945215,-3.27491423600127,-35.8399710765885,-1.24183110121551,12.4881086469282,-2.09859149237499,,-0.334681062697229,-0.662815246142701,-0.447924697265618,-0.818391423782237
810,-1.5208081395643,-2.57398937383515,-1.52637126029128,-2.2713208755629,5.26041515016849,-5.21972299119972,-18.9512571647885,-1.1445992124879,14.8027303835668,-0.601152662924774,-28.99961981093,-0.828860722175705,0.0114295269015938,-0.146246708680045,-5.09296153208962,-1.28794748714086,-0.289778926482812
82,1.12565783415933,-5.35202057110788,-7.59009004652221,-5.12455417547729,-6.18486094656812,0.548186026367563,-47.0449239545671,-1.66020556629446,-62.7733617967278,-0.0562306603455137,-7.98258501802794,-0.415338042281452,,-0.0814930505863015,1.94991109223361,0.936906608974511,-0.835753089429104
89,-2.0276095334555,0.031492768904659,-1.46625569370152,-1.36755198108137,-0.271715026796735,5.47085840154001,-19.5476218489669,-0.163742919673133,-9.44002420002492,0.954172164481718,20.2084998061677,1.34368985024941,,0.980704480158481,0.401160276306156,-0.0347021788253151,-0.112046694424327
9,-1.56748705233729,3.20492343849945,5.69519164630547,2.60856369586002,-2.75345700519077,-7.20096502508935,17.7291903728268,-0.519870863740124,7.16183921848462,0.649658240128529,-9.22036104522646,0.511089297778503,,-0.241010739836663,-4.26478266303295,-0.806442344383407,0.43311437962509
918,-0.449630572383286,-0.358610700148744,-3.0219207177392,-2.18667472938835,-12.6494904001345,12.5031055957304,-8.02892229240544,1.78079591858796,3.58894587391682,0.129465452697706,16.619584868014,1.26867496334257,,-0.092082607468353,-4.70178010868939,0.638530604574655,0.587301228168168
929,1.86640288795543,0.326360121429706,-3.21509468302357,-1.36969855309271,-7.55776205483119,-20.0073334619513,6.47792439661506,-2.71969160331383,-25.4796961560716,0.83870493516144,-30.9961441231016,-2.19882576190637,,-0.156440505085499,3.93673003810526,1.01272578342143,-0.135477835545837
93,-2.04229451368429,1.88851158208158,2.57570977858112,1.17188103363787,-9.09491346407089,-12.050917765178,62.3533434747183,-1.14985933836826,-31.650159269023,-0.437286588305225,13.6762967242298,-1.25135607431981,,-0.0668134792794742,-3.11461731291131,-1.26353260690005,0.140650507389078
94,-1.19136572411744,0.628006128659139,2.16275590184215,-0.0422232374266609,-16.9172773648269,-24.8684746786169,9.58510982956648,-3.52484697435929,-26.8591253555945,-0.525436680535305,15.7903099435277,-2.80100361313606,0.00665709379720869,-0.152655812244913,-4.4634175602625,-0.279763194503233,-0.648269731453354
95,-1.61029403767662,0.383450239209402,-0.83137676668065,-0.81216119799473,2.06250956714757,-8.58106109349104,35.8172267986707,-0.138919176507724,22.6341965509576,0.168404442099384,15.5983721343861,-0.872373677696569,,1.47595048100833,5.17044567382355,1.35931416940115,0.54940500903017
950,-1.8476202829368,-0.75941091111306,-0.522015698954713,-0.561895221167424,6.63872705283613,-20.3886985360353,5.2375122065395,-3.12586596854446,-30.7013834143489,-0.112232850746792,10.4914935652686,-1.4074366139283,,-0.0530410285085459,-4.46892364575088,-1.06567808969975,-0.401829835252865
953,-1.55280760339173,2.46730227089573,0.261971270255631,0.933116963173927,-17.7337445393516,-14.3011225290131,18.8550490824842,-2.13266754209485,14.0100411466013,0.0449172655092422,11.7235788596828,-1.16370370173334,0.00858712176080359,-0.0154235673222808,-0.943833954045234,-0.318601118021792,0.0955217776983671
97,-0.930081410930292,-2.09241742181401,-0.732451070092227,-1.79441093180337,-9.34169019947935,-8.04695659287049,2.35859912251601,-0.78980657194125,3.17188167341379,-0.285901052188818,29.303227529981,-0.109917217118006,,-0.0337376905005415,3.78525114540245,0.692769624237836,0.106473843026949
997,1.03161865296332,-0.925777392364838,-1.09903610282629,-0.717557132241806,0.00278356931415121,-5.48032980760928,-23.7731885659002,-1.89940353194964,-0.0580077796916769,-0.237653727966726,-3.28454353553165,-0.871855191791024,,0.962930775979933,-6.78656328287241,-1.26541061052977,-0.546661205072019
ACW_25358,1.04887493686138,-1.90271853611059,-4.82005457979253,-4.04904313673772,-0.473276797245588,-2.05033744675781,9.59357739162899,0.614891492632342,0.0996644653583936,-0.00102498260257664,14.7784067244636,0.658602392248969,,-0.101411204235923,2.83742276785188,0.489827635735044,0.570446987161482
ACW_25363,0.382488576521826,-1.39988894811444,-3.07666009927591,-3.35728000942035,14.4436321185981,-7.11353950715767,19.4263545658975,-0.000996616471743009,17.2053700432019,-0.292379771726357,-34.1832608721595,0.861735124849781,0.000756753454224308,-0.187400139951865,6.03299654898463,0.947401213856416,0.699242624507018
ACW_25365,1.97659273682432,4.20605667873386,3.80405115679274,2.13111856724982,-13.5565921331089,-10.6007423897019,14.2228266331811,-0.513134455471134,4.50939846621953,-0.339941230738001,18.4936525489625,1.25074422622515,-0.00115956811621175,-0.216177083148841,2.30545158322213,-0.0723665427948972,0.9504512788369
ACW_25366,1.83200154334619,0.220480689649689,-0.595066592066479,-1.07384544295546,0.0031830641157307,-5.15741103748097,19.9467643329944,0.447497345285012,10.6337302602265,-0.061648939549101,28.7441865807617,-0.015555085783676,,-0.0815570356448747,2.24171237872579,-0.507123798191504,0.636356381667651
ACW_25368,0.621671712095992,1.19997130383178,1.98068911574974,1.20144386057573,-5.01373359156867,-6.14441914412191,0.171349251420752,-0.469268316953564,14.5232484416756,0.141730007826251,14.2717435847878,-0.929183213323983,,-0.0771312534274084,3.94189765902626,0.864538290553036,0.011249125972467
ACW_25371,0.599900264932902,0.629516711171151,-0.742878901971589,-2.45594739520677,4.88528289535896,9.19915149702726,-10.1776039652794,1.10521006103204,3.12827907997575,-0.0130205430091719,30.943549427038,1.50925640799575,-0.000538859002587032,0.139017650401969,4.83207372387388,0.426202740099569,0.193700459078429
ACW_25372,0.578375046648026,0.73184180906868,-0.472226876029929,1.97275033451712,-2.47800493313206,-5.47976705978012,-6.60051174805026,-0.219038117339764,15.5194248637529,-0.189453792926599,23.5533344538569,0.854968403913287,,-0.0535688309136121,4.08432756277045,0.47086156202466,0.669342658956138
ACW_25375,0.489121165685766,-0.714741325139936,-0.859651677031255,-1.76975013825973,-3.89278917359696,7.66947181623866,5.23171592139635,1.63177248385417,16.32980230968,0.433675968524223,-0.425797546031782,1.29093055072365,,0.00196868645102673,11.9480776926247,2.33890191077332,0.287513355998274
ACW_25454,1.39158617458671,-0.42275556738318,-0.189245991205236,0.772685358503223,6.50852775590746,21.3127291586269,-41.1310716989641,1.58535503013659,13.5530983320471,0.695686898152354,11.57055449923,1.73769777258857,,-0.291298306728726,5.55995291929874,0.658609618026447,-0.364703927613135
ACW_25469,1.18491991676618,-0.78475913914052,-2.83301146361428,-2.27494967306078,10.203572279759,2.08102124053462,-39.2679665864903,-1.02337977532491,6.45543199912243,-1.17902740688126,14.6550313259317,1.7934875208442,,-0.447849920211038,1.03559849476808,-0.361879994752881,-0.452091689311483
ACW_25580,-0.475783105966687,-1.59937697390188,0.245047360475191,-1.27110462663232,8.25961526180957,2.97225666000374,31.7994399800839,2.79755594913115,24.8667172547191,-0.147470809596899,7.7981240839499,1.17186041842991,,0.0263728566036013,8.18846609970257,0.677042584597271,1.3598614321822
ACW_25581,-0.7682737327459,-1.23589379622327,-1.2568643962156,-1.23749311296558,2.95726771937909,2.42947919490964,32.8508388172903,2.14193095159228,9.35073171948687,-0.263169526268638,25.2952211277027,0.722614222179248,,0.0424826132050429,9.558666680913,1.39016356152132,0.98161008550422
ACW_25584,0.575444673713383,-1.1072927080304,-2.75805027419017,-0.838547764856114,0.604020440870945,-5.8368985357862,55.0935956856967,1.17333453662443,-0.398875543274192,-0.17991660601364,-19.7886818284007,-0.221295984374339,,0.922531766441242,1.16218168898399,-0.220427653130967,0.886195853502331
ACW_25586,-0.664153100347125,0.272304712068583,3.89742641819216,1.27454661164954,-5.42939998037724,3.46438155783014,26.7055694835521,2.41655105050573,-7.28105228374908,0.130538510510356,26.1642609282271,1.04222201279334,0.00402077484779739,-0.27268251835315,2.92435221269846,-0.171251565634598,1.02817209127733
ACW_25591,-0.0731902819548522,-4.23876300254575,-5.4568653929879,-3.32533544209385,7.86434177981378,-3.27665666233757,65.1308323981346,2.7326878151798,7.73056300992043,-1.28434357401889,-8.710569568081,1.42713503656913,,0.0725518727441056,6.54526076748166,0.777041960365834,1.72547233198866
ACW_25592,-0.338863458608786,-1.84964893673601,-1.56452130086757,-0.98207949253264,-5.8310636228805,2.11675765341282,20.9437441985309,0.72732619325617,7.87465984578962,-0.362628194724402,0.875145270612653,-0.256124573534953,,-0.0549328833954562,2.3125251928392,-0.248689035299253,0.74860730043345
ACW_25607,0.675935427341332,-0.0794995694052428,1.15301905584956,1.04564485930997,-2.81728328998228,18.1306421208635,-9.55795467589204,3.0742535494769,15.8178175573969,-0.261419834773213,20.0596431258334,0.994053629539891,,0.0368259467573523,9.17563503832013,0.834119527587252,0.0406657063685119
ACW_25619,0.197576874780219,-3.7540331909148,-1.95526089131307,-1.52409405171014,12.1675567154608,11.9313897565261,-14.1847947819702,1.59801270957076,0.665653661630655,-0.475282854198152,5.28044509642323,1.43316899209056,0.00323622115836386,-0.145733218614318,6.06803621152493,1.38245305377157,0.222321322795418
ACW_25622,0.6473537862608,-1.34834074102244,-1.07309194659054,-0.0298771435099598,7.7831280138827,24.9251495542692,-13.6206587197037,4.20389310854539,10.038878726917,-0.710420064785981,7.31736255526904,1.01940295810134,,-0.0382069663152778,15.2174190851861,2.16281733967437,0.223960239097056
ACW_25628,0.0476310665583184,-1.16351292661782,1.83060227644928,1.39387323315306,-4.74224725572869,20.3117083550316,-26.4423996173281,1.53758131524788,0.861773256459031,-0.471793235788247,12.919759449163,0.985359995525106,-0.000626076742040127,-0.215204534195561,3.19983363786913,0.227636180701112,-0.118510429106842
DLO_12_066,0.809774336063471,0.826923429267229,2.33288583399226,0.0382358959558899,-2.76859752899898,17.6389050394779,-17.162358919648,1.37483371355625,-17.6517825591747,-0.596036279788898,12.2281532534893,0.908321879850802,,-0.547417247473859,3.01809334255503,-0.0387067680545708,-0.106653606691054
DLO_12_084,1.69825958282158,2.50270773451695,1.650921278919,0.36468473053247,12.116466038472,-12.6088179554939,31.1682689000759,-0.663847811705831,-22.2944800221831,0.149840887400821,11.2073688107519,0.669040831777643,,0.600776604672832,-2.60557164034673,-0.832371207206898,0.665920301340093
DLO_12_120,1.06546179176406,0.542685867600824,-2.38842038637627,-2.49084330918495,-4.15313815799337,-7.45643943036149,29.0753619351191,0.214031779258181,8.28485026666726,-0.22388553048805,17.3060049310283,0.0914727222745211,-0.000117475294384765,-0.0792258645111141,2.27109490578928,0.344014900101525,0.507300049141733
DLO_12_140,1.23891678264891,0.519467310365509,0.626544435722237,0.700326475846674,7.06539275565286,8.09183239844829,-9.78936104330308,1.06344267595077,-5.51144577755769,1.12963358984866,16.9744181435466,1.54386913639814,,-0.0103657135611363,2.68489632177013,-0.482264329799587,0.0462017735516976
DLO_12_141,0.524803741181998,-0.00562811344155276,-1.01027122066812,-1.10944111840771,3.85756086797495,-5.03181814788196,39.7206621513273,1.15607462641849,-7.738291005397,-0.184461531567945,-30.2923600796098,0.255453300409055,0.00176658335918034,-0.115335047359872,2.83351616647646,0.412224636827151,0.559225130037071
DLO_12_162,0.366051106394047,-0.0946038864250657,-2.75292347984087,-3.05565359764371,1.28321936035128,2.63347652828231,15.7286011251268,1.25443921185746,-23.1871051897037,0.114928712395221,25.2626391118221,0.596908854097661,,0.0609829421126947,7.03516383074406,1.53609718568237,0.810513699082634
DLO_12_221,0.693630334099101,2.53927348237816,1.28115888346326,0.370899545733039,-2.12624898341844,-13.4600066829064,86.6234808196458,0.679056104603314,16.0540426528295,0.168563167008468,14.4742655820745,0.0543859074038005,,0.086706117730238,8.39473668283994,2.55911636725196,1.70720231033564
DLO_12_233,1.28222635282753,-0.794221274760059,4.39891589154516,1.17040662049031,14.1451784011133,-1.97214583847387,21.3681670483377,0.581678191345943,-8.36762492474798,0.711413922437374,33.5089239462764,0.744478239797958,,-0.471862840405422,3.92804005747511,0.99001868917138,0.514826176572478
DLO_12_259,0.411617859494231,0.153946576734066,2.14141995469972,0.335348655701254,9.55334678111044,8.7203257353656,13.296885015385,2.25503807006289,8.95538354255445,0.0382790286315029,2.40029435861494,1.57900986489251,0.00455569722082689,-0.116619545460603,6.48507188352603,1.51512789617921,0.337880570300387
DLO_12_289,0.765870559830507,-0.174338864503027,-1.56644277465627,-1.31242210596203,11.3173913916498,-3.94903825372094,64.1389884447289,2.30262671453395,15.7251418470861,0.146219312314956,-2.50558115458158,1.20926023874529,,-0.317813922952271,8.50934344535561,2.11634744138691,1.17352973624953
FuGa_015,-0.0366212159924056,0.831865027637658,-0.272706494019394,0.456612714313336,11.9749875664461,9.77001057240024,-24.5369216265551,0.629160745280141,10.6656458147409,0.039475886917638,10.6755608166952,1.03062292424787,0.00744568678711169,0.155597351524571,-1.07578738633992,-0.235722724423531,-0.330716343499617
FuGa_016,0.114900239923603,0.522087511537262,2.06565945481586,2.65067870469578,-5.45028165121447,9.9112682964697,-36.740879504516,-0.315727941711531,-29.6409939627945,-0.30005499581492,-1.29695266082802,0.240244881125189,,-0.0503706627839399,1.37696162440422,0.395678867308639,-0.579775875541318
FuGa_140,-1.39600662506383,1.64277044770003,6.36641938294403,3.36315785082353,-7.94182480524777,12.5517803783442,-25.6962755582752,0.728324597830741,-14.5341516349976,-0.0870831491188973,1.27072541136862,0.195434176711706,-0.261274505255557,0.00449422104916823,3.9580182430361,0.930578470985082,-0.54721081463842
FuGa_187,0.0582121646717561,-0.0959500020131482,0.816296443254132,0.941657170242132,-3.91916402898642,7.29837748858125,4.12972679589461,1.10517845215236,21.884901138541,0.471087210240583,8.34049822318411,0.753373679528936,,1.12598994375374,-3.40554215007143,-0.887579610254828,0.435299311369186
FuGa_215,-0.163730795174712,-0.232916882425185,-3.89685164543374,-0.413604417137326,6.02756921724319,3.39650706245015,6.03860671196743,1.26291608188009,10.6825705483021,0.27481421710555,-4.06087870111919,0.0603920516989504,,2.09305368654654,-4.4551099929444,-1.34505570000243,0.195462310403612
FuGa_217,-1.67000595297289,1.81179834713754,0.192908258023994,-0.00651266253830828,2.20844501515584,-2.03400179595435,-46.7193625739284,-1.51489516511738,6.34929293588397,0.0398570443438823,19.0947229572481,1.18431077405568,,0.148108121457285,-5.17024089617444,-1.52439946566818,-0.591262016156004
FuGa_243,0.479946564587228,0.532890941482579,4.07171214889358,3.78820716246718,-5.51034646804409,29.4047356913574,-46.4373331455193,1.64813831264073,17.0182223955808,0.000500474081263497,-4.75446634981428,1.55977612703726,-0.108663312975981,0.453098779510056,2.02006342490461,0.405017774717881,-0.592052299683224
FuGa_270,0.354200239761722,-0.184499637953626,-0.763876948466472,1.63242566343456,-0.413079447026902,9.39455615022047,-19.4843311714068,0.359977222585594,10.487800948176,-0.356585788505842,30.2787782159708,1.25204807296202,,-0.0413668678126737,-2.85793413707853,-0.886834018232539,-0.315147432108591
FuGa_275,-1.38834568541782,-1.59396847618823,-2.26918354767253,-1.15077920258285,2.82030432524394,10.7212953347192,13.3474777938567,2.90237221479408,20.9896127912928,0.144477247973188,8.31846348097018,1.06548800138104,,0.3492417109211,-3.83632298913287,-0.87880019847105,0.409704949413865
FuGa_352,-1.61368422627756,-0.954124732284754,-2.58002489814937,-0.899024409343866,10.4875045252081,5.5765958891943,9.8952093149002,1.59829776454716,-1.94693093943104,0.0393358010893213,7.40847575181841,1.47264324225958,-0.000788576478904616,0.442010256586599,-3.16662469280467,-1.11749561319524,0.345034476492028
FuPi_005,-2.12115269288227,1.93832354846844,3.11267540601294,3.17169573951862,-3.18181979271991,28.0335051781833,-28.6184518460336,2.4996923538601,14.671527635918,-0.0840453833078278,-12.0730767870593,0.805577791727128,,-0.110091014504273,-0.783077658579952,-0.860723908935051,-0.370115319035386
FuPi_013,-0.440788897125618,-1.95170996413015,-1.74781547571763,-2.24060748450465,5.80818677146874,11.6378515896868,9.88479607777277,3.39385073252259,31.6717111733917,-0.0522077169508927,13.0644903351368,0.977684739589095,,-0.0172831059494049,2.90571298407857,0.939176267017868,0.394990537143887
FuPi_023,-1.9273338041187,-1.59202753999762,-2.34697707758661,1.33261435962289,7.51706827968243,7.2358009723605,-19.5376380279909,0.412092680037554,-8.04222085967701,-0.588355903009907,-15.8344533712391,0.876034327683804,,0.569438409591359,-1.7318473621476,-0.706126563188345,-0.115308767877764
FuPi_052,0.803525318451965,-0.153244820667501,1.62616392539549,1.7980538505764,2.02997917291735,7.56811465866509,-5.29327333456589,1.18335056125945,20.8042564755186,-0.230576430426552,-1.01310038029993,0.530625020267285,0.00733895903041337,-0.269657229641483,-3.83781939961332,-1.47874330527243,0.0587753789983797
FuPi_054,-0.565670316463022,1.92149900138554,2.26558065834926,2.47796728738759,22.1566967032418,19.5168068746924,23.3371017685271,5.36327225064589,28.740059966752,-0.271267047429196,11.7400624409897,1.66057790556717,,-0.0561904888674865,1.40730917533435,-0.530264810369652,0.909303046851121
FuPi_087,-0.243640267649134,1.79995675231286,2.29184949518921,1.86124934477641,-6.06027600578164,-5.30624872604412,15.5929005921355,-0.193097245390817,-0.219468691052054,-0.0687248864013912,2.63292351982709,-0.969165539775495,-0.104932732129376,-0.0893501954691514,-2.52329021363275,-0.672037208105401,-0.000221527256756066
FuPi_097,-0.388529487506382,-1.97471455118723,-2.59767445605022,-0.874591334318479,12.947187883098,34.1113341656937,-5.64390730099052,5.49578861027862,22.6301480815834,-0.249102375912125,-30.2672754599225,1.46169990632687,-0.000839219272573205,-0.0700532492280718,3.33660956424234,0.887382918148205,0.192808559329002
FuPi_106,-1.65463785960381,0.659250095759929,0.614132600475183,0.422631057361126,9.13397814433164,27.3299890849933,23.4995708325324,5.85445840307026,20.1414152169071,0.686711732223298,1.59836826728491,0.804283103238302,,-0.0455933216965428,5.06479526594438,0.618570368475852,0.459404777331927
FuPi_107,-1.76922882875673,0.640448740228453,-1.56020198563705,-0.866580947322722,9.98609300238667,28.0649024159343,23.0140945605978,5.63275841654875,23.1202226979568,-0.245208305417491,-2.69286067822679,1.27921887724566,0.015945893394876,-0.260128129649932,0.939170297005202,-0.216175663338081,0.668348496586844
FuPi_114,-1.68921890427004,0.66235183442815,1.73162010387544,0.829095713105578,5.95050472557007,28.5834739524965,-35.1671283585539,2.36122881824193,1.11184234563149,-0.189545777129743,-10.5224926859331,1.21602764169675,,0.634414373062528,2.63639902616123,0.30725885441216,-0.41327631916261
GaCr_002,-1.75915993635956,-1.86317194001381,-2.76743112776758,5.01427804060534,12.4660490050127,-8.03534322699998,-9.14082549074512,-1.3549121752779,20.9545655283732,-0.212482831425521,0.521557847467411,0.917088143218695,,0.320687921505087,-0.545703746299721,-0.0158862182923524,0.0747234833555525
GaCr_010,0.0267366675178176,-2.85397531038759,-1.34845775694644,-1.60201142948892,17.0935609051062,18.4949821135873,-13.7448451618635,2.93198556584823,-0.771158806801568,0.322631935413902,-41.3116111469031,1.5464896344387,,1.23278615422078,-1.66122979845343,-0.466924828447757,0.0355771534202722
GaCr_017,0.148196173179128,-1.98657874045977,0.512156050347906,0.382308061858512,8.78581943885263,14.7445208510916,5.29359972242244,2.43459945027347,24.7442640612366,0.298328791812597,-33.6310179062973,0.207302280379289,,0.451477003092501,-0.710188573353271,-0.148023945958608,0.226283862233085
GaCr_041,1.10000889479627,-2.01938314647878,-2.01393303844175,-0.812858222282952,11.6807612681993,9.56954146649992,1.5011317425917,2.26649715674359,31.8456923982903,0.656168897872932,17.5994855710242,1.67307734408202,,1.37545410766017,-3.70022694558478,-1.08895884245568,0.255303626549316
GaCr_043,1.18090083125825,-0.536828963779616,0.494254943710087,-0.796719030785112,0.625065264147864,11.6530876923047,-25.9696447328925,-0.0700683649457867,1.75439084743706,0.642940611267666,-10.4824583186729,1.26162824283095,,1.39597303264676,-2.52467489521592,0.319447813697415,-0.481884372409058
GaCr_052,-2.045159278387,-3.22782221121605,-0.876104283725953,-1.21995648299116,10.7138361293755,20.4155242331707,-10.8390874021576,2.76413524475553,3.38899775368735,0.0200820752563606,-12.5031342383062,0.709909137864813,,2.67224889637969,-2.94452238397344,-0.761064856209935,0.00735714965500173
GaCr_055,-1.94492026084912,-0.881861613149772,1.99290637792033,0.204566183221916,10.1163542910971,17.3977853009501,-6.67842076898512,2.30380857995824,17.1550036846171,-0.0960120324183364,-12.079300698976,1.0846641715167,0.00187255047171111,-0.0786606135063651,-4.57385003786289,-1.13309289937565,0.215893070188994
GaCr_056,1.32574519360637,1.84741121298705,1.96650912369372,1.09044367760183,14.5400501595238,36.4132410633023,-17.5800443393883,5.13972569027595,5.7108570582885,0.14655347929303,-8.78356582924844,1.4259639374524,,0.204796367805431,8.6330647018864,2.255304139471,0.155701568179398
GaCr_057,-1.96799072719706,0.218493510283868,-0.631122361547388,0.333732817883691,-2.01225615297358,-21.7208354966444,-11.9520300110149,-3.0656182021622,11.564718059026,-0.344145164810551,12.2296790425528,-0.662646847013883,0.00207946857004039,0.349829875366913,-5.55682610725314,-0.46283886602818,-0.203413557379043
GaCr_061,-0.237740810276144,-2.55786771576278,-1.11701636351433,0.18317803294613,-3.51109323455293,16.593454961595,-23.8722167481638,1.46292760590541,-0.273851270390901,-0.225808682163469,-21.0396602438767,0.459697073127679,0.11944027474484,0.677546840151917,0.539402124176073,0.142185367477919,-0.176617516452644
GaPi_007,1.58107432193366,1.33192836589054,0.791311175876473,0.358053477261291,14.5594113077121,-0.0237777268085025,16.3666746747906,0.0917582244043454,-0.251657755297058,-0.140096634150232,17.5918234289364,1.29963572488596,0.00428969012465967,-0.128653368899714,-4.13867441078194,-0.633097356289532,0.209118389122386
GaPi_014,-1.59972889401955,-0.905082519970705,1.34959874877007,-0.574635693906995,11.4044066507186,16.626909475126,-29.8934388374958,1.34497203552938,-29.280064289696,2.11801508902115,-9.58556750092458,0.71557865840138,0.00403740815948412,0.797850704189736,3.81117804475962,0.638182856414717,-0.360116816966373
GaPi_017,0.193701563644626,-0.0192932906022632,2.07165976074607,-0.617665647899855,13.8825566954974,22.1374990180102,4.88501951179708,4.17801825702268,-3.73093157600182,0.206566187794366,-25.6141283901672,1.5476590147244,0.00184382175485108,0.41589771898962,-0.875652617845062,-0.611519194565864,0.437526844192067
GaPi_023,-1.26531965364038,0.752533496536038,,,9.51003290304437,3.19965665099767,-15.8389835970702,0.366808039852162,-15.6330676808664,0.879861248981246,-22.5670849435717,1.16589460892082,-0.000768612146030642,1.14486772678136,-0.848260413933257,-0.613505465698494,-0.157193193344518
GaPi_028,-0.678805994127442,0.522135843574134,1.99973099626918,0.941584447509642,17.4802999427274,11.8636002399968,11.8201706700652,3.38860403044081,17.9485703567401,-0.125205646048035,5.97752918955836,0.888377366809414,0.00952412909061294,0.0393984725213425,-2.82100779634857,-0.949883725768496,0.821082150175714
GaPi_033,1.30123343885397,-1.70227674166775,-0.399952559017514,-0.803677578368533,8.20219735731665,7.12561231135208,-34.3650640094595,0.283293242315452,-29.0471177232285,0.322992819384006,-17.2423758324795,0.676272388238605,0.0148561074051467,-0.134902127937847,4.50987331023337,1.01919729207137,-0.352579301972304
GaPi_035,0.211218908144384,-0.251957253956236,1.85733216886365,0.804128162594914,6.80571251290744,25.2490646260515,-76.2260404115125,-0.778847563111835,-34.8190801313753,0.480372848558825,-50.5691894117128,0.975102328541425,0.000193415565346158,0.650133239882843,0.511612961293374,0.15822966947663,-1.13895289678904
GaPi_038,-1.72740424861941,1.59705359667194,2.88325953564699,1.08098348247315,11.1970211201542,5.54980704929887,-26.0759467422043,0.596725240719276,-12.0466594890048,0.0894220883056413,22.199649286411,1.18473004359858,-0.00126961143268146,0.190611711799791,3.23921044951445,0.653261990940024,0.0583755802210646
GaPi_051,0.468355697887359,-1.31466236371583,2.99860379343736,0.337309714568029,7.1210965319057,18.4789430890801,-33.6739122189303,1.12551622490427,-0.5558637272877,-0.236710941150238,-29.0092858161656,0.877434486221067,-0.000367891096101533,0.549604319491938,-3.77354073063265,-0.668048590555976,-0.412799300570152
GaPi_056,-1.54247513484627,2.32592283890189,2.69748754397775,0.472275439342429,12.4117100130656,-8.88381921307581,26.1614242494282,0.0377047781418398,-2.3259119711406,-0.245172799964135,27.0124197139758,0.654850069337681,0.00609555670501535,0.0807802642526014,-1.200268800007,-0.0946141248704448,0.762118294397861
I_BB002,0.801015576362482,1.57264028002289,1.60218324439745,1.9032898868139,-12.7275197620723,10.7952099027983,19.5070338957964,2.32629601275177,19.564139387742,1.12970358138211,13.0696164824037,-0.627036245927484,,-0.433207021524093,5.31147447854856,1.98726790643538,0.397490456732193
I_BB012,0.388401021906227,-0.39041879044717,0.241565331990514,0.504293392332904,-2.78073016128791,10.7243597228886,-21.6276399880859,1.26236084860401,-2.16840267861986,0.365994349686135,-3.5274659909933,0.236502571840817,,-0.304959629894621,5.50407780558381,1.80096998883942,-0.238709818915026
I_BB015,0.262417683273065,-2.73691334096411,-1.38989162293904,-0.63951271787888,1.29476527877652,19.6041579753501,-26.8533133199733,1.92469869510925,18.2969612028981,-0.25158413664777,-13.3026273924783,-0.315961852708347,0.00880612193621222,-0.129978486077635,-1.00916067569839,0.254658908090163,-0.328484722311289
I_BB022,0.617568675401517,3.11625502810595,0.0707687354498388,0.92639582389697,-4.13464702321266,11.1815866919231,-28.8435896008721,0.0414314294875029,23.7673457413857,-0.244485523971445,13.8836797449134,0.642897185525563,0.0030803718082354,0.576971412053016,4.58047153866011,1.62539389795478,-0.332354679560422
I_BB028,-0.426696141002516,1.43254481994072,-0.207645463127052,0.107183501987239,-1.98587119212087,1.6614382505167,25.7256477733358,1.29058115702781,18.7458953858043,-0.0386879422245298,1.46972218781902,0.487332145163647,,-0.519960780674325,3.3923801349249,0.728876262213498,0.493109474373863
I_BB031,0.245623564898409,0.0701254875767787,1.78022300243295,1.93658283590726,-4.34096081913008,26.8342151546666,-27.426582406148,2.35677637640469,-0.294515429449283,0.553026531208662,-12.8261597712977,1.34642958090126,0.00174812892561997,-0.16351449350199,0.631225091987482,0.0793513993102637,-0.300505130921631
I_BB039,0.710352465374305,-2.68684030611789,-3.90616367754411,-1.81148985156081,0.716184938295748,3.10542183278434,-29.074995406345,-0.979775933775719,6.65808386350531,-0.468569470732294,4.27622584587923,0.141070260919151,,-0.450032415227747,1.80498780367278,0.532162506533726,-0.423109837288115
I_BB049,0.818575310869487,-0.775276550478092,-2.19001104504565,-0.448124774007783,9.44190596076067,31.6303029876563,-27.2620545675624,3.49296576091481,7.58158552198434,-0.217744677684276,-10.1432250274285,1.25069237537091,0.0202163200857606,0.243386369740577,-0.880454984206392,-0.263823674394741,-0.247982642090001
I_BB056,-0.693967353553612,-3.57143124389789,-4.86598926897486,-3.93001624205251,-0.631751914389231,-4.82090663237446,36.2061218923654,0.73007749885367,-10.7869116074459,0.01510532650366,-1.31609299112201,0.643828923643779,0.00344416230940445,0.238959175350321,2.2593575535255,0.230834954017724,0.923413157837051
I_BB070,0.590001340917139,0.687077981125144,1.18034101840172,1.18030129071662,-6.0100626867963,24.178307217714,-9.45105418148469,2.50289251654999,22.4766102421189,0.0382514983329156,-11.0749081645537,-0.0917698576370935,,-0.0924569874248689,4.93803358606563,1.05876820195876,-0.313370339624619
I_CC003,-1.63307609492156,0.0726862625444439,-0.447240459611284,-0.508884289887125,-5.2657370547457,12.9747223427718,11.9153346538338,2.5923304919691,9.90979319962949,-0.396407647891702,5.32195029494109,1.33198621322835,,-0.306462799196045,7.10752811130569,1.6828358406098,0.435580786171584
I_CC044,-1.68201598363334,0.678083842989364,1.87826246811721,1.10077041184586,-7.04941752182894,24.7971996165826,-21.0069273148986,1.960019967615,26.1040052107613,-0.351534521746005,4.36390959065721,1.55028005430035,,-0.0684581951802497,3.56168982446875,0.953265676703042,-0.192887866631822
I_CC048,-1.61265941913791,-0.261928193711335,-0.00314004186403585,0.323628652119002,-0.680654771516822,17.7482019967523,17.9066431662949,4.01884976579192,17.6729473993895,-0.244560104804442,-17.4204271299953,1.33373602724394,,-0.0727401272254746,1.7403498103761,0.945285138180534,0.675030308836418
I_CC052,-1.50251756862701,-0.780560279503711,-2.46762405381594,-1.29083870286626,16.3465716519893,-14.0075385688328,-48.7763491667025,-3.21815130686707,1.27039622250446,0.0718604953683318,15.6658770330036,-0.723743943748845,-0.00311983876511628,0.313830851751279,6.22198409292436,3.09349133396994,-1.15070532791495
I_CC055,-1.69468109251686,-1.0223667353472,3.60170480145932,2.86687844293605,-9.29513262946159,7.90717595247206,-7.93305189953567,0.858456474574378,19.2952219767762,-0.227319281650486,21.9618988182162,0.773699331578737,0.00192219006628522,-0.0990339568980358,-0.435483012077834,0.413777773802802,-0.242209809254176
I_CC057,-1.82994347523338,0.205967807060863,1.27254200222203,1.14298513444652,-0.757716317212035,2.67281946147115,-48.2112711097374,-1.76326755258639,-4.58434591322043,-0.292497735161427,11.7878607496565,1.17632080263065,,-0.261684095203658,2.42815303883916,1.03983100243419,-0.817101791684536
I_CC059,-1.24149869493188,0.879194028280221,1.8514271688454,1.36487004864198,0.911856973402667,13.3793074000963,21.7366684490885,2.78669999668066,-4.11714826128213,1.0206627295573,-3.22345830577675,-0.203897579963575,,-0.368624544571695,2.94435869929236,1.1329203376568,0.178101890677941
I_CC067,-1.53165834851052,4.80449335698833,4.2713427025013,4.14071161333133,1.55147695361071,-1.50382762352391,-7.9330955585368,-0.511844388085661,21.2543732614145,-0.666510707074024,10.1191852150195,-0.412900996632017,,-0.656243197262162,-5.44691716874755,-0.368782539849016,-0.518638080185005
I_CC070,-1.29072208415629,-0.685798139428111,2.69046920060602,3.06763302832974,-4.1232268035324,18.3997858357717,-38.4240582891608,0.636117158602785,9.69276752858731,-0.0921346018673634,-16.9374715859349,1.03400519618091,,0.142461453923405,-4.18006768519552,-0.643323591144123,-0.52110937598186
I_CC075,-1.18829402567328,0.236500587599865,0.316757464335104,0.0182706396303515,-5.10869884352618,22.0075434157776,-37.4939391862702,0.867867373497363,28.4176311025697,0.0284115163755885,8.93221088295747,-0.0874363340109224,,-0.07083131527735,-1.52357415643548,-0.0533167793693402,-0.575049722656981
I_J012,0.874780460013598,3.26144607231332,-0.204151975281303,0.704529536022015,-9.47778023070535,4.68242801456623,-16.1995884802511,0.416978692218038,-11.7891146111449,-0.357813378210089,1.53706840219744,1.30222959419688,,-0.0758302818440297,0.24124895670723,0.369379979353486,-0.138226923461392
I_J030,1.39416023585221,0.319471155343846,-1.78940195426401,-2.37499353819344,2.41811096539701,0.574115115634594,28.8123182292357,2.0950681176301,4.96736610047052,1.64193011481124,1.7307876519263,1.17047150533207,,-0.467385150977017,-1.0141925323439,-0.181117283984113,0.938883733074993
I_J033,1.7167827377245,0.8747740980724,-1.65756735364577,0.317045064768713,-3.01078001371906,22.1992909917678,-44.4443184006547,0.766908907189544,-28.6573622945068,-1.59192227255436,-34.0834017743006,-0.051037988870834,,-0.367908381934915,6.58303447858543,1.27222424580985,-0.799366434805124
I_J036,1.7081686612746,2.78953527188563,2.63322256692938,2.04087700450331,-7.56988792110349,-0.195913161420381,12.9371128945648,1.20633587320221,10.0605821380995,0.559102898176661,21.6515705080523,0.769354625543462,0.00275424237896466,0.126191656713486,-2.61264131647813,-0.660987322057783,0.477237715482226
I_J046,1.34740780834858,1.10556419526598,-0.624485707607111,0.0982831543562606,-0.931386085576622,-1.05599741520245,48.1530251313623,2.13600114520833,9.51214552148856,-0.670144693629393,-3.93441610811885,1.10042485347404,,-0.457843487766838,-0.545031292726299,-0.50297968678739,1.09619326064921
I_J054,1.85394522993431,-0.39344091768607,-0.716065576682315,-0.144128996251698,12.8474002282306,29.3251712007065,-48.3858549102896,1.89957430429055,-2.62774281759749,-0.146609451497977,1.06782154051161,1.77767432474079,,-0.0336486005852665,6.34864663681551,1.59312120783949,-0.511198605391064
I_J056,1.86165197511732,-0.199754032415893,-1.21198189556064,-0.17236475856294,-2.81353223633175,-7.06836152867889,19.8239330670279,-0.45431797632601,-7.3512524790594,-1.33016324578625,1.20079184429694,-0.281237875559617,,-0.47252879968844,-1.96647225517558,-0.665039168734865,0.227406200691693
I_J063,1.00878606235876,1.04802805359159,0.131831338262569,-0.212189636255536,-1.59613245533382,7.12260380133066,-17.7035888804263,0.5918961407187,-10.035411672596,-1.30333768490662,21.9070374772328,0.359189386724732,,-0.611581539551498,2.61262253875038,1.01859214916283,-0.217443872333349
I_J064,1.75345187164497,1.86221361357076,0.507002801113598,0.913924099219933,1.09590488529936,0.932151665610318,-16.9800879645096,0.0384710614165218,-16.4783875844059,-0.305782196809902,-33.0246801463802,-0.16236578999482,,0.066826925669255,3.42458109291212,1.31257499588547,-0.264546289865653
I_J069,1.34681064877953,-0.82091139073047,-0.902484390101855,-0.874707034465452,-2.4675263245371,30.5439429916689,-56.2420496313945,0.429863187352026,-0.693104883723401,-0.101492714716298,22.7486191316324,0.0438909542455633,,-0.0319537761441321,2.47526389284997,0.325087954049836,-0.864362126546839
I_M007,0.392272486479268,-4.16788060098428,-3.07515734608644,-4.02168375950196,4.72378200225563,6.20444942528322,34.1641256335823,3.06931466874459,23.7174965796345,-0.527577954481888,-0.42639923006679,-0.0739432882638456,,-0.0750674161470116,4.09313654961443,1.82388147056037,0.730552087627058
I_M013,0.149936742772675,-0.825140160892894,2.31043560404105,0.421691650821527,-6.54092140282227,0.621014198405057,11.2854271608526,0.121084218071918,0.404231762148117,0.179267605291322,13.4653194435191,1.00943841117016,,-0.0546859637857847,0.35173673253566,-0.163845881772887,0.0570489002689416
I_M014,1.18346623241316,-4.92969971216987,-6.05295579785934,-4.06222983896346,5.79579949569912,23.8980366609786,-25.1366290702115,2.59238719437754,19.5069110517281,-0.408352023814373,-1.63855684456192,0.864830643139494,,0.017731264892998,13.6540822364339,3.9823689697533,-0.190865578945625
I_M024,0.139573196618254,-4.14538680149488,-4.44499354192662,-4.29693126599613,3.88187511162492,2.2681357402068,40.284827248377,2.97610218189956,-2.06533955146309,-0.405980505009878,-21.2534778814894,1.02810616013526,,-0.0644051499656273,5.86816802431009,1.51721239595276,1.0577487497202
I_M026,0.889570886225959,-0.819630356138453,-0.574603360718309,-0.632408844089069,2.50596510787951,-0.0638691582230906,31.2524099775923,1.57826440409797,15.4514287562167,-0.453956675898142,6.78695842802987,1.3682173297038,0.00121462999436267,-0.267791672329536,-3.72155038527166,-0.461102023761413,0.799750118190805
I_M029,0.743988547882839,-2.28330078105555,-4.23966535202337,-2.2776295238581,-2.40690282633761,12.0971794651905,24.9414474470475,4.13893395228821,-15.931620739676,-0.32042511183703,-0.318816545745093,0.886621258155778,0.0101103734038705,-0.140394013776261,3.53894088471393,1.17203148227858,0.612361159890144
I_M047,0.691272656520808,-2.33152561993643,-1.1060755623861,-1.81647379008056,5.87476435847193,15.8846729991985,25.2267374217919,4.12671727234324,-14.5225126220416,0.200757699877239,5.30122806717287,1.81626109102079,,0.0751527739130488,3.53986418326639,0.82076251648942,0.78909947594627
I_M048,0.190154854285061,-4.26514889747515,-2.97307512403693,-2.71554500313867,-9.74166240892669,10.030394488868,5.73526137606694,2.15404315835365,6.14244675827558,0.22255673953978,24.411462315945,0.276229002446159,0.00717193237893142,0.267884760193025,4.45841440375501,1.12272117442927,0.00992375596319385
I_M052,0.480087666942615,-0.938760504716192,0.101296573540568,-0.0359844089630597,-4.96429131381551,4.86647844796294,-7.35176332843062,0.949546807035844,-7.20183805682661,-0.045762873932397,25.7418041013321,1.3728932069335,,-0.109746057580735,10.0862138468056,2.26063690402469,-0.0554731353897237
I_M056,1.24947405779077,-2.58948263703723,-2.30568074388916,-0.587718295170149,-0.704138872527218,11.4614397721394,11.06281224456,2.75989046985875,-17.2546542894055,0.207589034335281,8.74451088360318,-0.418425946532622,,-0.395528940152064,2.66661866512233,0.710032172224762,0.0429372279787591
I_W002,1.07420426416683,-5.33121761890933,-7.20766611816409,-4.32138173023796,7.5171403085819,20.6906776506473,-14.3818908779691,3.78597551646324,8.69183001556656,-0.123236437220306,12.3336570883431,0.98977298432891,0.00037368377801925,-0.0559878033055347,10.9673610197516,3.29711328478344,0.061319954686544
I_W010,1.13342040153049,-3.06450197385352,-1.13192839046555,-1.0763934165008,11.2695510534154,10.9097735549068,-0.120124800897858,2.28546947702268,-3.24086936448324,-0.185287042777322,16.6009050418808,1.1230008506086,0.0123042068395326,-0.133816423345961,3.47174094168327,0.504608744746313,0.225187933965133
I_W034,1.66022520440585,-2.4783118783274,-5.08161776376948,-1.17743708074418,4.35582702320791,12.8068662842353,-47.6896498440481,-0.0590913019321254,8.1759095850133,0.385839969578048,24.7848281126084,0.406332114046387,,-0.00825964268595547,-3.93321407730439,0.0329110222744778,-0.648860204476625
I_W036,0.417036989040282,-0.958683541102121,1.17006996864864,0.26954061439176,0.179662862424618,17.816432198041,-8.95763937229269,2.69785490615331,9.25779244462645,0.080549312681742,12.632066898307,0.417633050731593,0.00165327960083644,-0.206591476388002,0.255924513398496,0.10338196705073,0.00903401213427638
I_W037,0.692833333350984,0.471156913501187,3.05196885906001,3.36267102936477,-2.45598937387007,32.9007457610614,-51.4717449288941,1.60869221946559,13.7546730343357,0.0889314040335828,22.4931164021987,0.795847463891448,,-0.00227918795177646,6.02279110959815,0.845081129537448,-0.760430665058942
I_W044,1.4798664246226,-2.82287871834282,-1.2026672655556,-2.25132132478894,18.7080922593235,20.4336037348497,-31.473483029494,2.42529792101459,-1.49354663601669,-0.00186048640179195,-13.7414820035757,0.987282291223135,,-0.0583789425605298,1.78543317426941,0.65777332069752,-0.157721143124341
I_W045,1.65649712659043,-0.556842178071412,-3.01228010281124,-1.59731438023319,-8.23630697777133,16.0722542676194,-16.1014345365717,1.37940682199629,4.3411536170991,-0.24617385310418,-10.7867932126494,0.345398250608991,-0.00228570114285611,-0.132959718978733,0.825558934385645,1.73427342400991,-0.281265314458009
I_W046,0.686751083183135,-2.87509653017017,-1.47004951781965,-1.93879410700929,14.390646473733,3.95622445418794,20.6991234348792,2.35532014325876,3.21936432773706,0.0979642996801569,-9.07414215092727,1.48584582804591,,-0.387110332342029,-0.802039356403338,0.168945086102762,0.66808439876746
I_W049,1.46179232639316,-2.71518517739462,-1.86369185953718,-1.76580906824689,2.28873827849408,0.0163730993520648,-13.6553507008045,-0.00524063598457877,8.96872244058267,0.182756648749345,17.4443603135752,0.636567949713078,,-0.375453952667316,0.586062475779674,0.629484877197501,-0.11764950968965
I_W050,1.21232822173842,0.299687105729112,0.229550165151256,0.451212855236698,7.52794653566849,26.9219571614551,45.3612823196757,7.94324646722721,22.7741694091533,-0.55536864531561,-36.6658467878596,1.25510639768324,,-0.452380622944806,3.65341612374498,0.29316357740381,1.07753505051092
JoPr_1990_102_001,1.53859914289473,-0.566861676866338,0.50685725960995,2.01686982632887,-11.7412917732664,15.6339490736392,-32.9018368602027,1.0712726422492,-18.7790999932258,-0.256007745296773,-26.295588614073,-2.01376725698403,,0.0396954814109998,2.48197663117372,-0.029002617666025,-0.538860520187768
JoPr_1990_102_054,1.05301940494018,-3.57290534026749,-3.69280007162503,-2.80995089837807,1.8022117022658,-7.12211564412186,-18.1824159879067,-1.46560554999476,-28.698492461122,0.584466576005193,-6.89779797540887,0.524049135471643,,-0.0203282787816284,-2.80897050316711,-1.15487072572732,-0.0942595630208601
JoPr_1990_102_097,1.3528348609589,-4.33677229099381,-3.644069294583,-4.06860897062992,11.7203531355902,12.1608884129666,-22.5142908484082,1.20622971905243,-30.7349392845317,-0.855002138242105,-44.9304858352473,1.57422870762727,,-0.254470477331474,0.749845575195535,-0.208378436709279,-0.0532721597088069
JoPr_1990_102_108,1.26447287106509,-3.95312686859874,-2.69158612308185,-1.16285335077686,7.12811845687018,-4.08015322771765,18.0685254473316,0.445761841264847,-9.89054373676601,-0.0080117182394365,-14.2860995910553,0.615317450519272,0.0156958531442052,0.386681557507548,-2.2521112532496,-0.89108553965736,0.550486253859288
JoPr_1990_102_169,0.684836560999961,-2.90774205033861,0.445104385887467,2.03801338225073,5.02792908044882,15.1979523524991,-32.2504086157686,0.956565317661994,-22.3238702758969,0.46544629409288,-12.9289043161763,0.932067451844301,0.00743456626305829,0.26736358193758,-3.1410505978672,-0.962336344748207,-0.216698736540614
JoPr_1990_102_179,1.42682061702798,-0.114086845092334,2.61031952429135,0.374155284345705,-0.976208609326114,-4.87737928203394,4.73529041533032,-0.121972957415057,-24.4048588632565,0.502685670580656,-4.07964685814127,0.667842122471488,,-0.037368507700448,3.59150258314449,0.676837303185943,0.355766030532859
JoPr_1990_102_202,1.03660344220485,-3.36224465279832,-4.45861860351792,-2.19872009827274,4.94859371250969,1.09610349162492,-30.6356554794626,-0.940785298650689,-26.4589335212111,0.661041156964874,0.915187425520482,1.28403043547023,,0.74250234448296,-3.05463147901695,-0.787903517067178,-0.404145600983929
JoPr_1990_102_232,1.52000816442564,-1.96632114365523,-3.55650021313429,3.58263003530356,6.33969954714755,2.75593977942912,-22.8082229882315,-0.47828692331426,-23.6208712777801,0.706282364391604,-26.8552866024004,-0.537879656263516,,1.32746955866455,-3.1786358503177,-0.681036376131517,-0.338244105828517
JoPr_1990_102_242,1.30636125869665,-4.8685710154923,-3.8885320853121,-2.01190339973026,-2.11647895135889,2.68452359254524,11.1875811333001,0.605570710006348,-14.6918487686453,-0.19096057690144,4.76210232222084,0.310052438837346,,-0.478658106831787,-1.21557282061389,-0.943861614186112,0.0156141985907996
JoPr_1990_102_246,0.728567768456383,4.54732584602806,3.4708930473597,1.89002438082179,-5.4776388584775,-10.6622871114797,-5.65069330949268,-1.83144083651523,-16.2688031835764,-0.142281560038343,12.8703091327927,-0.293979401326704,,-0.085123832298603,-5.96943267529099,-1.23254705957663,-0.298868409016587
JoPr_1990_102_257,0.938906755682964,-3.64454469732327,-1.64997329762842,0.0276779255862336,14.951869713887,18.5692221154845,-24.795292726825,1.72663097677278,-19.0025039636383,1.15108663922875,-46.5856447301119,1.07513045589194,,-0.489534212982743,-0.393059041905644,-1.13127481078765,-0.216874202658459
Modi,2.19768554988228,-3.10197891514725,-3.17909960497103,-2.07815981508332,8.34025567734279,4.88050841122163,-7.84340906729617,0.558794456991402,-2.14784541905836,-0.0720844528409411,-4.54967667578757,1.00523657555633,0.000510072376272374,-0.152989476944394,-5.97881662661687,-1.89709805240815,0.037901596058737
NOVADI_0010,1.08273519161706,0.00826267493703416,3.05685447899259,0.697496411207281,10.3843979730427,-1.15966615807083,58.7155428092833,2.52384551313524,-0.560023872921406,-0.154167513271427,-3.55295394111508,0.88693793546261,0.0186232092412141,0.447513548795597,4.68137417338186,1.21262635323617,1.29367890624805
NOVADI_0023,0.706072214035174,-0.685914916857313,-2.05399278381453,-3.30248880465273,-5.58963375668698,-3.36165321361014,39.4773036838597,0.953659514211619,14.8004306886032,-0.273159199821405,-2.18140022741029,-0.0557887841502551,0.00176024460808761,-0.158248424298425,-1.40029838303081,-0.250529133311821,0.839583376846048
NOVADI_0042,1.48120920840444,-0.819426188903973,-1.1263260559827,-1.00038642011928,6.56246761122395,16.512978451682,12.3780626853595,3.32847952701096,14.9090228149246,-0.324305109154299,0.43975375216376,1.62934617419014,0.00014688746847181,-0.0188668842821197,2.33910291031493,0.335105721908451,0.576278409221179
NOVADI_0114,1.86478058995126,-1.26784638731188,-0.618537513689156,-0.784690529493757,5.47823982439667,20.1818858102422,-3.34452555798301,2.75337553689031,26.0161977342499,-0.626675577262574,22.6139295400756,1.4967042360865,0.0020794961798178,-0.0624917036089926,-1.31049649580527,-1.27505497131654,0.237096638882058
NOVADI_0256,-0.358505359176866,5.92630582467996,9.29138360287017,7.63117181523716,5.49013129801299,15.0511231402502,-18.7369801303878,1.67904747510094,21.8794508859991,-0.0869419709731512,8.14440279674895,0.278414881116128,0.00158731857772805,-0.06788607269947,0.0791923890134328,-0.142594889619341,-0.0804728011450404
NOVADI_0268,1.85267890604259,7.74622229821657,7.01523293399875,6.25106034532384,8.17719273042396,0.0257735145594111,-61.9671988303046,-2.4172804204257,14.3805012994414,1.48186820136684,-21.4488673916701,0.193744235841129,,-0.253360964357042,-3.20449412762649,-1.27562468148053,-0.975394020446599
NOVADI_0286,1.76853891233498,0.141145144387055,0.706138784798531,0.242791636088735,14.2147887657943,19.584131558456,-6.3206501326805,2.87955254064261,-12.893906061556,0.874605028050515,-29.8072842195801,1.32569705698768,0.00183085795801229,0.359646825494658,6.76692743684761,0.81412026219628,0.125547077321473
NOVADI_0296,0.663744483254943,-1.68885222009906,0.102819768239217,-0.371402392881398,4.28871465776005,10.5059305401544,-4.94355036641218,1.65826063095625,1.37669706370437,0.13505417740482,-18.6665560303941,0.445125987405555,0.000480553857613839,-0.0466633358913201,1.50959687122805,-0.0484865765442869,0.0523245541481909
NOVADI_0329,1.47094214421517,0.891848036837989,-0.182338964557928,0.437355371074973,13.8030581361741,28.3696422672379,2.47010529418254,5.42525413365352,-4.65730853042254,0.738232906718478,-4.79137608367678,1.17341591010687,0.00149574040221386,-0.0891141378700752,6.21670177594363,1.01752306285187,0.289397775243805
NOVADI_0330,1.86886096952283,-0.222330850975337,-0.681524654994331,0.573638267629865,13.815835252207,20.3516971597356,31.6831727267288,5.46144246918249,14.8533065718519,0.0541819800166325,-17.727334954727,1.56671706626729,-0.00158016143258129,0.0245068325003224,6.1410812539312,1.00795366667187,0.859102566681122
NOVADI_0347,1.27036643570674,-2.08176964994005,-0.59725781813599,0.506171817247972,12.1804069748431,20.553678083917,-19.7388780213285,2.11299760191773,5.0615694255271,1.86804894886486,-32.1208355881689,1.25264166475911,0.00217330400779917,-0.532620574679233,-0.741604837848467,-0.440391605910969,-0.0332436693089075
NOVADI_0356,-0.166975791180362,1.62777767946926,0.899945166633181,0.449764411152747,3.67093897745123,13.9722371973967,-7.62650737251193,1.29945229769363,12.2126409277548,-0.90260062326895,24.6742036743701,0.809375768027033,0.00679783221608601,-0.475930805537844,-1.92471911585205,-0.197242101240368,0.0948110247421794
NOVADI_0371,0.935773990573758,2.20341601851574,4.91379923411395,2.68218344169297,16.678700468978,18.5854161125433,21.9193549688269,5.11592353208763,9.7881584710593,0.14080477470264,-4.7393368228535,1.29133450078917,-0.000115364981181184,-0.119591440354286,5.27981740648466,1.08961433982136,0.877174438301722
NOVADI_0382,1.60869948828747,-1.79187802423675,-0.494578892106975,-0.142629221790568,13.2237248732952,8.6309417912778,4.82124717691513,1.39569915483623,6.88007248381316,1.08168560738472,-19.1099545701497,1.25302443860438,,-0.486191079738272,2.83046476522122,0.431691730864795,0.304100712096152
NOVADI_0622,1.6773381954134,-2.56310380638968,-4.15409571650785,-1.92027222791293,-1.55984564835096,12.6554041510001,-3.8880078033064,1.68140309490075,6.38852369350929,-0.327078692321237,9.07747962187421,0.0928541936030341,0.00539649627285184,0.108553631933832,4.32692800945268,0.810043762714852,0.0539351163489674
NOVADI_0731,1.58302789244695,0.331965904199874,-1.82566428916052,1.76218028476976,8.84607021945317,15.0949100613376,-25.9723401583431,1.51291100304022,28.2779219939979,0.503911488894145,15.6256827087549,1.20397754103682,-0.00148605718375158,-0.0958524216473847,4.21784881349575,0.528420645976554,-0.238138340261039
NOVADI_0766,1.57246524037318,-3.98971022270639,-6.84302072369682,-4.08246527458204,14.947977579627,10.2993689187641,-3.0197876919934,1.90994463862979,-4.76731335804426,0.415012698951542,24.2304178015595,1.30351992281532,0.00297085019739967,0.054881881184398,7.74655687813968,1.64408420525845,0.17746133621088
NOVADI_0830,1.28273543733548,-2.68228354079234,-3.08579466129732,-0.996723014072132,18.2467168632406,-1.02390379650583,127.971885535053,5.40696006918431,16.5857930745969,-0.0733758448695892,10.5016091824572,1.0852375402655,0.00446108323925702,-0.187690725671239,4.06294168096363,0.268199525997462,2.69604399046495
NOVADI_0980,1.321690027822,-1.05453638630442,0.904762586031597,0.554851553236167,-5.49103549237807,5.47392432833227,15.1958165993108,1.51027249279761,15.1995596640132,-0.241006738318381,14.0171199483429,0.84184958756449,-0.00291851097789346,-0.143179812083366,-1.19580555342589,-0.196988792747273,0.419380865090747
NOVADI_1015,1.89662166845705,-3.99353043303552,-2.04799115660256,-2.23444927649401,0.141925295096874,4.93880085107587,10.7955691163561,1.05968585933748,-15.9269516791818,-0.822819049967702,16.7758931241561,-0.241559102999439,-0.00108921595302569,-0.451925044258793,4.85454773555284,1.5216502080052,0.124710714399981
TeBr_012,1.12945853009403,-2.99907120029629,-5.8251563438394,-3.47172135010703,26.4407633363969,6.48515115825481,-4.55615131518457,1.02433485957095,5.4584566823793,0.592062185511465,-17.4890936165356,0.931977679329738,,0.471148902968947,-3.61358943064039,-1.11908331319181,-0.107292173887421
TeBr_021,1.3817935829541,-1.75319297951022,-1.82547600231916,-2.06165612667656,3.22215199410668,11.6432351472248,-42.3215781566236,-0.136978292038808,15.3881297195172,1.1464552778602,-14.1654687107555,-0.655299472533956,,1.41987661914385,-0.359172208325163,-0.43726852139803,-0.68336508934679
TeBr_022,-1.74893208556578,-3.39463587140204,-5.44956151541187,-2.34487785742431,6.45468404001527,-1.26493863081351,20.4762319693529,0.820992122973424,13.4734784151018,0.154897533582015,-16.4534334617938,0.888793993211716,-0.00347085776455104,0.771886028477102,1.86998122489441,0.317379021780903,0.757455997494025
TeBr_027,0.149070962997208,-2.77560464760955,-1.53096664538411,-1.11648711032315,2.33880968810255,-11.9275302372255,-9.8906700865059,-2.44041427495426,10.4444596587883,1.53401475169073,-37.1110277940556,-1.46711074757055,,2.07000705695042,-6.50717380742993,-2.00031365654866,-0.53197060616784
TeBr_043,0.680300145897773,-4.17449304715738,-7.61949188074806,-7.57544626215346,25.8109679664006,-4.51216239627893,51.3816666493956,1.71922793787508,-3.43761416509971,0.0210656647288752,-45.1629418367725,0.832097680766296,,2.42321473206059,-1.08228912506189,-0.416373739673461,1.28371080790202
TeBr_071,0.929404698229191,-0.688226856880981,-0.83879840051452,-0.416859225417235,-1.73892508647081,6.18755383082909,-16.8023675159565,-0.0151039286492777,16.570401453158,0.086073269129852,14.5448212768219,-0.36266830892891,-0.00284945389616372,0.782754416989969,-0.717742809221115,-0.447618948738381,-0.43955283234685
TeBr_084,1.02586295738266,-3.03841216658884,-3.57350997428151,-3.39539279013406,13.7608436728318,2.73772808158289,-35.5241444607161,-0.3185607960307,-6.74461092409301,1.15495703377711,-28.4137898550523,0.1880967854253,,0.261491481106062,3.80867938870879,0.241581820780783,-0.442279054478347
TeBr_180,0.2877913639725,-0.413929681356475,-0.880570735741549,-0.160160889831703,13.334812049464,14.1424281696556,-14.1853897822288,2.31216146249038,7.56140478369508,0.129030768898055,-24.5620200155211,1.40343601013553,,0.282872107702842,6.67022086716152,0.429390337776452,0.209554411811911
TeBr_248,0.804337303789376,-0.750678154177384,-3.64073189650939,-1.32250966926009,8.60275923430487,-5.70135416235916,40.9280392555555,1.28283808275159,18.9248674386245,1.34703517256497,-14.8191433076936,0.431739725556605,,-0.0838638145966023,-4.09007342194126,-1.22104872362053,0.891444759073953
TeBr_263,0.98914546543494,1.00245552895855,0.142577161709827,-0.196852749738368,0.154822757772964,1.5252345037304,21.7569348667005,1.8445726297202,8.99148886103372,0.0635611649373618,-8.42956575630919,-0.168760143491247,0.000242522782226748,0.986732467753751,-1.6231076748908,-0.630428651381388,0.686858530969918
