Genotype,Color_over,Flowering_begin,Flowering_end,Flowering_full,Flowering_intensity,Fruit_number,Fruit_weight_single,Fruit_weight,Harvest_date,Powdery_mildew,Russet_freq_all,Sample_size,Scab_fruits,Scab,Trunk_diameter,Trunk_increment,Weight_sample
1,1.35665017385776,7.65432315039425,8.1433789917569,6.96414346043792,-10.7038459777286,-11.9017355281934,-45.1997899272135,-2.25942546285392,0.865085369315694,-0.000204932954172231,21.1369948694886,-1.02154746182434,,-0.377628851086578,0.868116319429392,0.146454203524709,-0.800205695832597
101,0.755522921391553,-3.73505670443959,-2.28822938180186,-2.3560066716655,2.93915105130537,-0.285122957261482,-9.99013132480871,-0.25907581082535,8.16124081377316,0.191329951325581,-0.506719469820534,1.34498087796559,-0.0769991627332731,0.217311814010951,-3.48176285407527,-0.699705769934735,0.23196291839099
1015,0.893905407026291,-0.764138705091593,-3.02192288492935,0.797397059204075,-0.486456417080735,-7.3813674507047,19.0517787815883,-0.478073851723147,8.34654224402416,-0.00395628440470783,4.49165730340876,-1.39758634417364,0.018583908613916,-0.0667629196597209,2.20151477255974,-0.239026519859452,-0.0792630070899017
1020,0.294779387373286,1.72486881861176,-0.109263857782563,0.00604738192800754,16.0934768567874,-7.11550711434366,17.9016639010133,-0.1715300260644,0.673608873714835,-0.0783116746847151,9.72440637618391,-0.544499501051029,0.0041882479667604,-0.0449214481025187,-4.03146689630803,-1.0939033634478,0.575046273002263
1091,-1.01167597664568,7.74050151381432,,,-13.7319574033353,8.22522928955873,-37.2467691781275,0.368891468810137,1.2177027175779,-0.0207931590091155,8.23050760211871,1.06481469477942,,0.52767468088615,-0.269432998359406,-0.26323337932865,-0.550083155871174
1113,1.73366019650373,1.76944788692145,1.67013382027108,1.69706771880934,7.73238657724517,-1.27554589239117,17.5991436500934,1.06975073702707,15.2233213917792,-0.299998689943192,-0.0605538024123225,0.0859723800624409,,0.386469033623418,0.281859059569681,0.558937005953702,0.496413769147653
112,1.95164119987119,-2.61663784351747,-0.831396921937473,-0.105580159282459,3.58628585353753,-3.19636122925638,-0.170748402158041,-0.527480539516818,32.2111268572687,-0.301905416280113,-20.989258515017,0.350702303765983,5.10278327316176e-06,0.156889405276273,-6.2791629899029,-1.48002086315394,0.295067079674233
1123,0.566882456917261,3.66293850510237,1.46658065977334,1.11726117786218,-6.50176102030975,12.378764308881,-22.8054695084774,0.21563768170908,16.7493520587893,-0.373432710081224,-4.96142139467111,0.065426144039021,,-0.0341486805569952,4.18639057076193,0.172331295334496,-0.36473205951571
1125,1.0902227027666,-3.60373006519721,-4.58949197738546,-3.08040554866027,22.0526019732655,22.8729004358842,-16.9872405721013,3.31470841601665,35.7773008223466,0.0108848732111736,-28.3995930129551,1.6765026255059,0.00270175843886828,0.686825524114583,2.76728888701746,1.15126836050799,0.217683454958504
114,-1.06035750662491,0.509000482702081,-4.19286399745501,1.31204222107047,10.2067557746579,4.54571994287696,6.08859541365274,1.15318964862221,-5.12202408248575,0.128403926579906,23.0703343383193,1.34664216263015,0.00503986419588748,-0.0432314323006875,5.70692513710657,1.02352487505811,0.287474901127802
118,-0.355696847112731,-3.38075842521796,-0.363918076573247,-0.491368676481538,8.37688826933361,-4.24067789366064,-4.59942655566943,-0.542142039610291,-1.97757320352038,-0.124538050766866,5.96577254074411,-0.0768910836690851,,0.0741502382510863,-1.05282633515675,0.0436643069919857,-0.0278195853452371
12_196,0.330430753046749,-3.66235821626382,-0.415748213094243,-0.414608167973443,4.18213600399891,12.9211960215138,30.1789909441852,2.941699514002,-7.83177984867225,0.354229143006772,7.95312443193393,0.60608963555121,0.0085634404721072,-0.223341536646708,5.27274777640163,1.37755140182882,0.178798525442125
12_197,-0.178168157744896,-0.159226968328003,-0.4991564975866,0.237134337828863,0.903328004734752,1.66919976721621,-18.582606733689,-0.244449229921337,-3.21703832574692,0.500324499501438,12.4502448464064,0.57554959433465,0.0116214480557237,-0.437594491464575,3.84457247342333,0.691368773937778,-0.424652502439398
12_204,0.668459663140757,0.45136238051235,0.527229401456605,0.933032299338279,4.58252962872848,-16.9199082289245,26.25359164827,-2.53737705276864,-4.33929599356276,-0.0913729707646518,-7.44705838070675,-0.881875972149547,0.0059512868833023,-0.262474833245723,-2.51024976936619,0.139352121039013,-0.0340595892212198
12_205,0.650612147038723,-0.86476969975549,-1.38360520462402,-0.595780264853858,9.25128953042256,-4.58944845855286,12.5053575990276,-0.340742125532324,2.34440434867834,1.64880553863109,10.6342153866695,0.421968286320003,,-0.609869048445154,1.35757721103636,0.583143027149921,0.152594351743704
12_B006,-0.63795759346911,-0.0348863649300873,-0.992687097198177,-0.404355255674093,-1.50711116298329,-5.08650702147238,21.6642396585274,-0.0366041081262465,-11.434897801353,-0.421405677909163,22.7893780523352,0.080381049191204,,0.0568346536392241,-2.59444641543298,-0.50678444411077,0.232331082654984
12_B020,1.35267533851344,-2.87497206262492,-1.25341653948395,-2.0635602793026,5.12286641433013,6.30036582685858,-2.3087644536779,1.35662131513646,9.44864520919061,-0.030120858700772,16.9319576379313,0.134776034601485,-0.00273708487379412,-0.150500320603489,1.09037965204869,-0.348723328017583,0.0420709409837625
12_B023,-0.61960459985927,2.27146138386469,2.8006538911875,1.15670065692265,-8.66118486658909,-1.48848572268585,-11.6988228066977,-1.51991643889667,0.578428700939877,-0.802993008971062,24.4797828634398,-0.262849124874128,,0.088728451396829,1.50397515838885,0.158086905812974,-0.350886630717196
12_B057,2.06757392467284,0.118967112449985,-0.1930986474878,0.143960192517273,-6.89321735848306,-1.60071346614024,17.7667815041677,0.097285349221577,5.16780021917643,0.00966179641568029,6.41039614025136,0.57925259840181,,0.116813636038093,6.36062794152402,1.42172733154564,0.397481123522287
12_B061,-0.77174970204011,-0.577682193267519,0.479892990703773,-2.46221705391559,-6.76754068454916,12.4887378657049,14.0721317298011,1.79724846244842,-3.13363154895299,-0.707004736073866,-11.6638757725488,0.338558971494599,,-0.0863583611339291,0.182973992452677,0.00529136931420333,0.127818934409365
12_B064,-0.181337211336842,-3.67976294685823,0.101632804354695,0.442975662256576,7.25615689411675,2.06115758122553,21.6676032573018,1.02015379907082,7.82654964511219,-0.0478488336899497,13.6630550262158,0.180021287084699,-0.00967808345252627,-0.144471524744817,-0.198102563781235,-0.366274645698827,0.194263728501861
12_B074,-1.11027367252126,0.168283803124805,0.509973393920553,-0.389869116184247,1.00753646799315,10.603194904183,47.8981849550226,3.85734846486031,-0.178737563549008,-0.28393824459698,-15.5321410739586,0.463654524000099,0.00838361249512417,0.106712335739986,-0.930345155556236,-0.48399854220594,1.1072304504752
12_B081,-0.501617464779273,-1.07009280276936,-0.24998624083153,0.730090505781785,-3.5488978321534,-17.5145994074567,88.8665110647108,0.670401161489602,2.68286283500884,-0.294926094385528,10.6150215147461,-0.783768893563,0.00168320851653967,-0.204900156387024,-3.76938120893544,-1.11219015742422,1.50850522607888
12_B093,-0.427904214964083,-1.31005075484628,1.28432862954774,1.03003214566389,-0.808686222963315,-6.73140407629948,-3.41034082711194,-0.943202145855973,-3.42790214395798,-0.0548172229385331,16.4059371105314,-0.439496372519514,,-0.00373981086392852,4.90329775599968,0.858018901421544,0.00453314158655616
12_B095,1.02671787919149,-0.0759983602713433,2.85678886462828,2.69275343748572,-7.84923661490847,-5.24428813057885,-10.4454766546389,-1.00512604826686,-12.7513575952817,0.0434202949760091,6.41931117697704,0.204465976892349,0.00906397494787107,-0.102123021877482,0.85043642543944,-0.00910687776162912,-0.133117375509855
12_E003,-2.00970934979919,-2.46127319487174,-3.76542768469301,-2.81030084176466,-0.91862674666381,-10.8080899505673,1.92436073821442,-1.06269453035834,-14.0362439855601,-0.207172406280976,23.9400046013593,0.722073851645058,,-0.265677698719921,-4.41887899888062,-0.888170373290833,0.240723267797376
12_E014,0.0128207741794263,-1.53231008574132,1.38330854341046,-0.124249681019879,6.10800484318008,7.62458504244925,-23.9260243219797,0.0176039104694195,4.44910771458654,-0.312140990328394,7.03479245337838,0.188003305711988,-0.00500872223238783,-0.110593386626715,-2.42893116369566,-0.216903190037813,-0.372287163828252
12_E015,0.478442203862311,-0.172335368583248,-1.35124860224982,-1.96327361144927,7.9389687568173,-24.9970964296007,37.5101078391564,-2.70223537757738,4.84218245758717,0.133092235590784,20.8603993493489,-0.701767197057977,,0.0335831382566475,-7.32130451511329,-1.90545315810094,0.478652643350627
12_E017,-2.02779694425823,-2.63025764115996,-1.42970371175319,-0.867688398225194,5.36727480125779,-0.464826838260344,-9.85674870221491,-0.210985361238158,0.340156525267888,-0.331351279038953,5.44075738011259,0.0359914543013458,,0.192246638724194,-0.310686713044165,0.603993812612423,-0.127653733211847
12_E024,-1.84841094050206,2.08373149602621,-0.0456178511660726,0.382404238728761,-4.80536258825829,-14.8972532221225,28.6857878502234,-1.00718585816887,17.5236207031302,-0.0269059610796637,14.9326056142921,0.0355228215554451,,0.0194359098235921,1.46094584393788,0.408931931448988,0.51846813246974
12_E025,-1.40398224145292,1.65878016059368,0.113697115650393,-0.0514571766283719,13.4385333922779,-15.9235746029721,33.9694071669181,-0.697619055058022,34.2921536161578,-0.78096026624662,20.2278811070447,0.662370057207926,,-0.219561800518128,-1.14888219787739,0.0199552933825772,0.659351871597624
12_E034,-1.65547148011333,3.51316580542537,-0.598308544257841,0.36271420028963,3.3407419402611,0.174693983340681,36.0550748289781,1.58708042978549,16.2404903481043,-0.316410107111518,-34.2586463281733,0.90425298902683,,0.101460514806555,0.172267773206266,-0.48086984694246,0.719512157238649
12_E035,-2.07716509113173,1.1154736848643,-0.826549081932392,-0.865738196299852,-4.1741625841734,0.370259386903185,23.4366345485349,0.440655113927427,14.5026183382808,-1.22667469329163,2.7516863098998,0.872649416236297,,-0.260711342042216,-1.34658076234135,-0.104077729085,0.521607177388593
12_E039,-1.96250990251455,2.17843186862326,-0.592607839658577,-1.48895531022667,14.0531345035642,-5.33813648888803,16.7808834227805,-0.223069050769408,33.8923847718415,-0.123278597926648,27.81208211957,-0.357268200987765,,-0.330210895773736,-0.640689409910924,-0.156834000033525,0.249556616304844
12_E043,0.414773317654541,-4.08142073720541,-4.76863727377738,-3.40692982790771,16.5230179920052,-3.78252185433052,-23.3057904177007,-1.25346891348856,-13.6302045892975,0.115612445820161,-11.5048950444277,0.492805316147028,,-0.181067222254013,4.83668250768411,0.889868846596451,-0.369044903858723
12_F002,-0.159896543683587,1.83853252990771,1.68997176530057,1.33982112706431,-0.187467373813475,-16.7616609027394,75.1253866560001,1.40233435104137,-13.865958091796,-0.216050222782361,-26.9459954149905,-1.25819206186004,0.00822323702269648,-0.08507145584465,6.74521303888403,0.91793676135104,1.4750150072756
12_F007,-0.654786279448701,1.72549663793621,3.80126857891898,2.83924963700605,-2.11341599012987,26.492324735445,-12.4152600612847,3.05649855655826,3.99844678306771,0.0806985448888399,11.8038129817008,0.399993432817611,,-0.0730260264760485,5.29235098422368,0.852125342573564,0.0125626084257422
12_F014,1.0314252384807,1.93745868925851,1.82525366793004,2.08341945375818,3.54578427052802,5.35210149871123,-54.2942384859687,-2.04835666362851,-3.05545128902348,0.921976111602964,10.5579670978425,0.657607236208918,,-0.0146556983671463,3.09216434401819,0.925594416916942,-0.846965236818839
12_F019,0.521962058112554,-1.5891919370819,-1.08014636045834,-2.96165452800372,-3.12307417808812,9.31503413402604,-2.71637416946189,1.11987788326883,5.24142419083013,-0.0154178414449771,-8.69209309815489,-0.704572876324383,,-0.0185366912426037,-0.799325095342534,0.0652123070656109,0.0979341883817548
12_F023,0.474789726257361,-0.584506519776393,-1.54323720384182,-0.900787609930881,-6.50227602101636,-12.3212213645474,-7.75571867268209,-1.88260603213674,9.08895156125262,0.335014688689573,-10.4794379597498,0.63724539579467,,0.00527059967233135,-4.98446839863496,-1.19218550325684,0.166693556225548
12_F040,-0.573395097470227,2.94027292870067,1.3755031417042,1.66078303501553,-12.4591404491201,-5.45396595546691,-0.29270305622676,-0.757333054464272,-12.2377136767205,0.947718256263801,9.44821846880646,-0.781041648119003,,-0.403634530908359,5.72270612360053,1.33542040235893,-0.16001255415429
12_F045,-0.055014713049054,2.35386045915326,4.2393490932053,3.72217740239699,-4.31064174721792,1.856699167248,-28.2570851832838,-0.945291655162912,-13.9984012141068,0.638961766488212,-3.88242775823491,0.248150941272188,0.00759280003258867,0.0890046314750946,-0.865190164384591,-0.0448229671515726,-0.420642313743104
12_F046,0.151022339870838,-0.944664102847046,0.531650344917939,0.718739755242598,-1.95437342349341,20.6035088380422,-29.4727920302719,0.469650231055027,-8.56954837468793,0.818123350305334,-8.35481073073063,-0.53908243485141,0.0077940045895839,-0.0441592089684193,4.5888383255002,0.973737217010979,-0.666364605554727
12_F052,0.0139422240983145,-0.653195326890579,1.38620973563892,0.090031199338197,0.964815414242825,22.6460481236959,-27.6703550553012,1.23073040719691,-5.82409845050523,0.0182581695678679,-30.0493172094391,0.424070779085783,0.00748778865807309,0.267541357178739,4.45320586042581,1.24893207156728,-0.375525712691599
12_F054,0.534344805097621,-2.76224084953241,-3.04854197916744,-2.93408402977731,3.81287435962477,15.4089714264436,-45.6681413844438,-0.260228481219682,7.4111080843773,0.0592674756930379,-1.73566306362801,0.737348593064091,0.00741336896776635,-0.0477470898870184,6.67900384520098,1.66649848544075,-0.633030563200264
12_I002,0.278296022759136,-2.07876089425954,-2.87099989883533,-2.06997061399057,2.50665478028386,6.95779342667222,48.1407808590169,4.54352013094807,15.7564554830688,-0.227650243428393,-5.79617863104016,0.678483424758701,,-0.269516676436817,6.0226396621994,1.60003846248989,1.2725267701645
12_I003,0.702914806443767,2.42779552796297,0.401554864388407,1.31537830308184,-4.84427779850875,-5.3516957060956,98.2205022220505,2.49476636652408,10.9920433090574,-0.350451427241751,7.46484383764136,0.427958856836702,,0.184318072390104,6.08222616058765,1.56051184255088,1.74416952409412
12_I005,-0.0922778576607943,-0.156685528301585,-0.913191434280355,0.555988232978224,-2.32578757416609,-11.9605717398211,94.9280729769625,0.464418617116836,-9.2691194526339,-0.0785911327921646,0.570602849567445,0.584430674857317,-0.00322523392860227,0.959807007422168,-4.46223525691226,-1.14925094849345,1.42971850936857
12_I010,1.20750882406075,1.70795621574625,0.172869563720715,1.02400325901625,-3.42238108384241,-10.1116686042944,33.742947705472,-0.30681797344698,-11.4384399348339,-0.19514052003826,-9.24444311904277,-0.643684298171761,,0.188818716891546,-3.39089473648995,-1.43709891364961,0.682706320050207
12_I037,-0.193202346479297,0.685324404347405,1.03260851483363,-0.188299530328349,11.9544536409125,-9.20899849500602,62.0201474661713,1.29953116767516,-21.0567614517971,-0.894046532218441,-24.7564337921027,0.868920834556866,,-0.33832203605898,2.23378850389679,0.282909576459064,1.20889260562931
12_I049,0.686778732107028,1.38731032089234,1.66525993879397,1.66385186052382,-0.246125611057302,8.49674736072965,34.501077185768,3.84943127322565,16.4782862248496,0.542107664783806,-6.17678972841209,0.837728905570797,,0.0486465550323467,1.77133093306158,0.013747664949769,1.06691996669765
12_I056,0.294559876373764,-0.872235659060721,0.11360809438561,-0.186859959284612,9.90358527202241,8.4440025341773,2.80001784034592,2.28082387837087,21.8271456177292,0.884028854920746,18.6351317634979,0.349521569465945,,-0.380663773001083,-0.0870947272588553,-0.144910537425968,0.413840683993345
12_I059,0.113995471702617,-3.01251887232715,-1.76825553694345,0.813212614153293,9.29683017156742,25.2894600736933,-53.8936103726674,1.68120851397242,-5.44102248002304,1.39429867680452,-9.35295265933603,0.207100223283854,,-0.355477072248425,3.05183363608202,0.00348370431046387,-0.706770588378462
12_I062,0.218109280198208,1.46470312110467,0.54690746250533,0.217543842527892,-7.46213935683113,1.8555965103463,-23.7245948576749,-0.276570252004233,21.428973014714,-0.0773973612616303,-5.87648571860314,0.889390648611992,,0.167974615838896,2.65649463740847,0.551808647591348,-0.193368695586329
12_I064,-1.07828215015558,0.346953451244471,-2.56937937928486,-1.79870455467902,-9.65739163157474,-12.8662258468067,-6.32009679424842,-2.19680439995339,14.7959662567248,0.11251297422265,13.3760444639613,-1.6628779278426,,0.157240440041029,-3.87655082911221,0.105544698957878,-0.320401922451186
12_J001,0.341697294317132,1.3068255236925,0.919458351230942,0.77958556035494,-1.86027848770788,8.5152116896272,-19.255157819961,0.298060849885503,-1.43763725191692,-0.322765032331751,-28.771534671284,-0.334091793553804,0.0169829771102871,-0.0400790025649085,2.04868250730064,0.791386529393375,-0.200333199885523
12_J004,-0.197902522456138,1.59581093659328,0.808959297872524,0.0750451461708443,-1.71619795884274,-7.59050149292179,29.7764036557729,0.648368683731752,1.11933250378038,-0.0881075725127655,10.7667267830623,-0.466453353550082,0.0190485276542378,-0.189371181464635,3.68721526728221,1.23184417803313,0.554510402730119
12_J011,0.961663036599561,-1.63897356011299,-1.44533518681216,-2.52060463408131,-5.80260544884791,7.87583356524279,-25.5122422554914,0.476805281692315,1.56217855683111,0.0328703016545925,7.24132962795176,0.192769599159116,0.0103671731964915,-0.290633343411803,2.0238873247688,0.268776840612898,-0.254052071565468
12_J013,-0.109059464982547,-2.46948835338049,-1.95865394961477,-1.91285862276742,-2.13140069164106,-3.26399470292264,-18.5621506954277,-0.893986659457585,-1.29124481468396,-0.237113620651779,11.9215410056915,0.302476576426652,,0.0983302261747413,3.94613349208577,0.774226013753065,-0.281671694779572
12_J015,-0.0675091314053585,4.07304259843403,4.06740260451061,5.85653870342491,-9.66811100175622,-15.9542388074534,-58.7864542244988,-4.10927507457759,-10.134923710305,-0.120341056220074,2.91628695258672,-1.25376294057806,,0.339278882952359,-5.89730245433488,-1.07321588780353,-1.15468522682638
12_J019,-0.0185538461229375,1.70260845700088,3.84090634356011,4.1568666985796,-3.3175706692128,9.80486110522784,-15.0916096576922,0.817602863724252,10.3305107525609,-0.0274834571348565,16.2845303373275,0.451406770545023,0.0115793214444754,0.0450676120288142,2.17105263131924,0.681250704495009,-0.116622149774953
12_J027,0.317637671848034,-2.08855356177638,-0.00742244545851387,-0.971486329669486,-4.14763707041716,12.5362503062279,-36.2474767127319,-0.941094914859409,13.9543920130582,0.0222351043040755,3.48838352339819,0.219942066405243,,0.0614612096353112,-0.0669851574299757,-0.249212814007766,-0.575000635891934
12_J028,-0.107083638963878,1.51170107657301,1.41839609476364,1.53115955756493,-9.48108029099482,-18.5568708000324,3.87844494282087,-2.24327858867669,2.45940488676815,-0.639802614630644,21.8410057135665,-1.07592517045234,,-0.118748981343365,-4.60302676863641,-0.855970835674853,-0.259762846667049
12_J029,0.623448039491852,1.99702592701087,1.36166975996469,-0.00313422842328513,4.83271521774921,-2.17922253559888,-8.89910947061842,-0.0198636092662084,9.92266195244855,-0.0485059673723007,-21.911249905073,0.402241463222143,,-0.417626780141818,-4.22169317483555,-1.17851848463058,0.164655485147303
12_J031,-2.33864982718395,-1.82835153285408,-2.57163161595364,-2.82725757921156,-5.16197844896031,-9.81118001743995,41.3903510350272,1.21123682116329,-5.25642724631548,-0.402952591872217,11.3398337643758,-0.423937111359258,,-0.404882425148856,5.93007043801504,1.3257451121609,0.769512084844944
12_K001,-0.458207693395332,1.39299743327168,-1.63806690573456,-0.570758251840059,-5.64830031319757,-11.6001981165965,3.81402428585533,-1.89844855651559,-20.5163372773797,1.03593779428058,6.06205420276067,-1.37563505374061,,-0.241304408826087,-2.22777840027818,-0.0788713293909667,-0.509296592400464
12_K010,-0.589398664173644,1.08845183583853,-2.59711707638715,-0.385353209683,4.27584186663245,-16.0248529850815,45.9668123457565,-1.14197306050697,-18.6909828594837,-0.0102296141405174,16.7766354307673,-0.724077732886246,,0.178071665398781,-1.43680401089542,-0.234465000449724,0.58304969796884
12_K016,-0.927448547617072,0.00541766902034253,0.653465818773441,0.2909405690462,-1.05314198100343,5.59186565977115,-30.136847361006,-1.49341994256761,-1.23867149000229,0.183249335555527,33.3308164907866,-0.407220625281237,-0.0076893296915422,-0.237004647125295,4.34479649885441,0.91193971246263,-0.682230860547939
12_K018,-0.39897373750091,2.04527738593406,0.446759755246185,0.00750857019147719,7.2653684376566,0.584381367545483,-29.4314626689644,-1.00857939087593,1.38218953977929,0.438606117683637,-26.9077937882185,0.163454514927295,,-0.313306556388697,-2.4955949884725,-0.36074301976345,-0.481912098165947
12_K023,-0.225328995318375,-0.798040684521463,-0.596631906904742,-1.60395595002917,16.8828626553027,8.67650252848112,29.4254826219395,2.96281340669421,18.9903700078862,-0.518903761503109,5.38342928851317,0.819694186559426,,-0.52535810371784,-2.41773946547803,-0.963966118290106,0.576173614420448
12_K024,-0.69226209047021,-1.86794142688006,-1.60891291725678,-0.957105186126246,-0.524043618836862,5.34601095576945,40.9849986594505,2.55196746454606,3.7759262812515,-0.0407402951958535,-9.9932746825807,0.590456616286982,,0.0028101802814702,-1.66217564725225,-0.979731013279644,0.887249831498675
12_K044,-0.426792535531495,-0.367161259278503,-1.93894821173481,-1.11139682339409,-5.53466609089762,5.03208847823287,-54.6331722792268,-1.87824630333577,6.3632579758447,0.589642142258562,24.708904062721,-0.430218346111139,,0.29108806541975,2.44062011137261,1.10347738001175,-0.919772943621755
12_K045,-0.305976061180819,2.01601168110719,4.32777935657879,1.72022763747755,-12.6672206503835,-22.1622756705962,-33.792573759789,-4.76621200734443,9.94370210614403,-0.0223539833868547,25.8091641209645,-1.93995827357143,,-0.0519389674476877,-6.58772314016168,-0.713110273970719,-1.03016481130804
12_K049,-0.863940962171336,4.86241416885911,3.61770074918712,2.97733818764154,0.524305551685662,-11.4113585597157,13.6065076377151,-0.916806685260745,4.32536441999851,0.260358833507719,-9.75122271922189,-0.682425652923978,,-0.571005634969971,-1.99944963793646,0.0774274713810228,0.207747231900597
12_L001,-0.65582239589212,0.528960786005816,-0.775041372046626,-0.230403129535593,-4.89980536555277,10.9968302847157,-1.54058610637616,1.49705859829492,-11.2971608372724,0.774496545016399,-14.6531759686228,0.0529501352769612,,-0.15004479088372,3.7777272125066,0.413598156170815,-0.0314345372874207
12_L005,-0.0143455483621951,-2.60818746224725,,,-2.58610934951041,10.9887283956989,-42.494484581501,-0.949153510843043,-0.174071346676428,-0.31135813146189,-23.3157616967771,0.223651009474787,,-0.242849269606202,-1.79967952697158,0.793315173795428,-0.821982379976292
12_L012,-0.257343208364886,0.666953066866933,-3.4827708317819,-2.7846689111069,-12.1536158469965,3.39884113474495,-8.99893969424037,-0.925304639832933,-6.22366000069579,-0.040836435933548,23.5891373565787,-1.07755008833266,-0.00378368747621969,-0.404499199959551,-0.670282581686316,0.887163124787523,-0.689910461341004
12_L013,-0.339441812790584,-2.34934098928366,-1.91570185631989,-2.97809998126203,7.9437403225027,8.14781865190425,-42.835397587299,-0.876574463203329,3.18858940078842,0.776612600641772,-38.1564660724804,0.352779903493062,-0.00523311415047367,0.0959073934983843,-2.05528050575277,-0.100256481866343,-0.663597235711349
12_L018,-0.446172236107413,3.48853823882672,-0.0772564966246993,0.309921631278589,-5.54224900269333,-12.6115373569989,-15.2253890768718,-1.7213201463008,0.0545221176393125,-0.153226595204353,-17.82163067081,-0.23137296015346,-0.00747366264904154,0.21496829365407,0.584963679207518,0.125629833819774,-0.251865226011894
12_L021,-0.47237387659753,-0.796999641633517,3.93817460389877,2.42740187074641,-5.7762961637569,14.576250696862,-26.2991028678612,0.0493984039289068,8.62583566997605,-0.203861342107117,-4.04223879547983,-1.17043083742227,-0.00484093048957121,-0.00804958284944455,5.97999785274038,1.03071275229073,-0.683515160466198
12_N021,-1.12814175254047,-0.937899215746525,-0.768702790993182,3.93232727084685,-5.44590724756787,-3.2818348498792,-46.9151231770483,-2.1299482743104,11.8921807915246,0.0188704721548356,19.2661968761422,0.0705937262214887,,-0.22258227771,-5.74143644165701,-1.40995296553069,-0.876836187924698
12_N034,-1.18734147325322,0.451357419200881,-1.38036016650801,-1.26671968266411,-0.952362912148137,10.3531443069937,9.03079818535253,3.59159156744405,0.432849690572336,-0.0508683087408243,-33.6661146691407,0.675289193570215,0.00145738378159142,0.335023600360816,0.231614254995632,-0.0639849224085048,0.51895268173453
12_N039,-1.16762552659168,0.346667527620945,-1.62200707259624,-1.21957461476209,15.9190103827205,13.1824891276005,7.22630503555785,3.49343778431397,10.8621308960017,0.595444886228943,13.0782513865367,1.12946972813938,-0.0105474511040811,0.27391730522706,3.42083991565798,0.221488661767012,0.552771980889226
12_N041,-1.34329516486784,-4.12477632159499,-5.17826739610846,-4.1239469171029,5.5471659570886,10.5370051922683,-46.6565031992589,-0.717676334850067,-27.3325637231344,-0.0560075104780855,0.035910603530262,0.0273155163353394,0.00219450390154937,0.119110482810348,0.0539085983775947,0.118406860850919,-0.65202824472057
12_N046,1.66324183204384,-1.95060745280309,-2.05267912410665,-1.78830805379188,3.19549171311404,-0.345080119704651,-17.9548116642235,-0.575072287454975,-12.6839770454747,-0.164575093195922,1.32972483163389,-0.244095873094184,,0.228210812178488,-4.09178500085733,-1.23808683039066,-0.148639701456636
12_N052,1.63259755756577,-3.69758867048583,-3.62294768560917,-3.55465777360369,1.54051358699186,6.99414544949391,-19.9581090699506,0.849362495676262,-14.961265354509,0.165879408880062,-22.4339729880251,0.0188928503756878,,-0.18494559569573,-1.05659454332836,-0.132925533993515,-0.220705823851479
12_N054,-1.4284134789589,-3.32764953860732,2.61971569052702,1.23182176763887,-8.81152136858747,-15.9127654245942,-39.3848645210262,-3.79365743958529,-12.5612827231699,-0.279264752574357,11.3636197289736,0.356088238581141,-0.0988908306933062,-0.0324798487855441,-9.71150115702188,-1.7821801978543,-0.666966278307469
12_N057,0.365467859588875,-1.07722104304935,-0.68839569594579,0.122800236213429,-1.92022379598276,-7.73128570845341,31.3279285980444,-0.671722997399959,-9.83733192560803,0.187877038585215,8.5036624716985,-0.984232673564234,,0.163379465462169,-8.46513464713402,-1.44788536136946,0.210910440008469
12_N062,2.3022070022039,-3.74596422057274,-3.14833746854287,-3.36516610424312,17.6379288349349,12.8280066046074,-35.9753702881257,0.943784259078455,-30.1838031917345,1.34139803219335,-21.4940602927157,0.945285632270985,,-0.228060714287274,3.89712369341307,0.28468330470599,-0.296615975864478
12_N063,3.02395313845209,-3.14024344434214,-1.4083874336646,-2.83778036016887,5.51484645154953,7.80895959037328,-49.4013781778132,-0.709780511245327,-50.1672712594369,0.259169022371554,-19.2820094317192,-0.072881587586847,,0.0760168058378881,3.96150367023889,1.30776525941255,-0.5383919033182
12_O010,1.08155181188025,5.40974422576251,5.31873856759192,10.932748679539,2.42238757366242,-16.5074003837865,-67.4249125932615,-4.7743710176128,12.5175407601833,1.39572385390192,16.5083827438636,-0.475071127776537,0.0135056045664004,0.161319343295671,-2.22151398508276,0.340549520312138,-1.56536118852172
12_O011,0.189242764923016,0.0800637280989493,0.00525326753018567,-0.607076471656346,15.103216578091,-3.2134776943458,40.3536973679864,1.59819826888533,6.47774067648832,-0.264190463125307,-11.0124711224326,0.241720670046886,,-0.136599591546662,-0.817086648157541,0.108342632492267,0.770475678210881
12_O014,0.5853749836456,4.31455238442952,6.98363821749505,4.6604717261854,1.63932201030346,1.53568161116804,-30.829075743051,-0.832795428814137,8.52257327611586,0.376331943698191,11.9584311769271,0.400201537531287,,-0.0255806433356691,1.39840579367203,0.37774250934473,-0.528865901311294
12_O017,-0.411898193897163,2.62276282113384,2.54537115362999,2.61855880297455,7.12295006866988,7.74379369588281,-55.9628318596898,-1.4507989846697,23.8270945486208,1.53778186909379,22.8572390663483,0.41414607016817,,-0.269540782573974,-0.457550662210787,0.0316286736199187,-0.682539729076459
12_O026,0.967596584838545,1.60113772810216,3.03857543111452,1.09291820172365,7.91234893731912,9.7485259361766,-63.3994907801547,-1.33617262651693,17.8121666399366,0.95920477093506,0.104643053124689,0.60232050883138,,-0.320476658472865,1.85921070526134,0.624286872963051,-0.973922095723698
12_O056,1.06141669064165,-1.59642464015047,1.12043359712112,0.0538356946878077,3.47720146260584,5.62699182031087,14.2876887120754,2.81188052387102,-2.82211039816233,0.589234379172252,-24.0376082686126,0.505893739479866,,-0.475922416746937,-0.145629439913189,0.0706525260049795,0.550357876580151
12_O061,0.538430694493451,-2.07089875985991,0.393801535208243,-1.33110230905189,11.7784742392256,0.0651797657742096,-12.6286414011148,0.083775467877352,6.46713713602065,1.80182299568674,-24.1327241095693,0.376518829836701,,-0.210103336370235,1.39647064827481,0.861270408769496,-0.11377416210281
12_O063,0.337871044545715,1.58986341986906,1.14830984108592,-0.00351002308292779,6.24438214939597,-12.5089650934233,7.75136897344804,-1.11875162897213,12.511490218112,0.540856175014395,-0.861714320827064,0.569362287758406,,0.298068891557843,2.0288171585828,0.541412640633388,0.275018200105849
12_O072,0.634697356142843,-1.09683589860307,0.506810963497195,0.10225806759003,12.2359678489634,7.7926914416658,3.64316455362471,1.58457666978357,-13.5142502998191,0.049833719830147,-34.6500346438116,0.400927436192411,,-0.0909873867046319,-1.85525900985264,-0.275807430876808,0.160459962513306
12_O074,0.669169593540121,1.43557881540402,0.730737919976143,-0.247234484371003,9.15581292842926,9.62328144430789,-1.15527864692032,1.67174751478695,13.5578183464696,1.01656051089455,-11.9367888936183,0.36169643017403,,-0.0994711242974201,-4.88397088579582,-1.09565394368545,0.0994564186065012
12_P001,-0.958305704365533,1.02292646580817,2.72626055115323,1.22681635337874,1.2118306442853,-5.37276404303646,12.4691543165912,-1.00073347292564,12.3239929169891,-0.199921253373087,-2.28663134597148,0.209378032557976,,-0.072879459433636,-5.6760325366587,-0.454202630228836,-0.0798963082107778
12_P002,-0.902443554140324,2.06448341005018,1.85714973397259,1.16623576376557,1.75032234080632,2.21455446328283,-7.28464339754921,0.358520712413704,11.1961174974908,-0.0805236186303835,-25.0888330272271,1.2056852438847,,-0.49930837036442,1.72813907481615,0.470723576527267,0.415257140992863
12_P003,-0.944050712217253,1.62396044365052,1.40184584000831,-0.245491342306281,-2.44512613599877,5.56577661040438,-9.13884232120017,0.722318208750726,18.9627604460119,-0.0101090016347599,-30.8347578136035,-0.0962888460926627,,0.102087077068182,3.21473339700663,1.22122898570948,-0.096968604513364
12_P018,-0.248028338547538,2.6910838525793,1.1636917478267,1.94780639902582,9.73702860265322,-4.97159781833714,-14.6295142696513,-1.23828746298477,15.3160519464387,0.193150214290796,19.0496370036912,0.300983535646234,,-0.119345850535145,-0.0677509029622353,-0.308611001948812,0.00450106645268303
12_P025,-0.0446853002863872,-2.87314330530348,-1.13583208660852,-0.98307435082935,11.5370900609118,-4.89638939204557,63.3056087308563,1.36238194881868,13.1315929677516,-0.357496001930552,15.4919586834005,0.711127881702379,0.00991306422667518,-0.305227487043988,1.07333788381726,-0.273257290467086,1.14886727524249
12_P027,-1.06815044050515,-2.22215223878608,1.91829333945007,0.0530633338397111,7.16127771739187,0.435778754529508,30.9531876272871,1.77955886877283,19.7678356186837,-0.189357073353387,25.3520638009469,0.771654404543936,0.00118606721438841,-0.264455355746585,3.92556231273431,0.944133592245508,1.04767898686314
12_P029,0.400917290723682,1.10543651611056,1.66970773004347,1.43717867521785,-0.748153103132572,15.7648150808514,-39.0430947950604,0.786612592204715,11.3878977199427,-0.56789062738097,-16.2625934659673,1.14054933468141,,-0.348562038897324,1.01991788405264,0.914375883625824,-0.515640383565892
12_P034,0.399438797456168,0.0651723758946686,0.536600395456843,0.526267438805221,7.00834140090623,15.7936851280673,-29.16631686439,1.99911112116072,-2.50963260373422,-0.131499183845839,-5.79456162614809,0.286128353133949,-0.00534679925881957,0.110421977231334,1.49888754441101,0.746882734384705,-0.302742053200043
12_P055,1.02298343649676,-2.12827228969582,-1.29718347246921,-2.92905723686074,8.13668792243231,22.2839856632393,-47.6119967265389,1.14615937735353,26.0232426102878,0.862272872094628,-43.3965252626319,1.19908220825527,,-0.39319470808804,6.10744265036144,0.955030776498762,-0.431847116056669
12_P056,0.633689524193139,-0.875591598826176,-1.22277939268687,-3.08488810849364,9.39291901050454,-13.1092408376615,12.4228918555244,-1.45005171145558,16.6449560230998,-0.0618008138757808,-4.84030856395192,-0.698524728608744,-0.00402533229220966,-0.0545173543754926,-4.26438280798932,-0.609441106351523,0.302613581378298
1218,-0.682506995159275,-0.72386405739991,4.15456726130638,2.40332596413476,-8.33880602496525,18.6314757056683,-20.3793132859945,0.563169881636222,-6.17832802238862,-0.234849003835017,-18.4856113319004,-0.425896373505852,,-0.105232983117738,2.28246628869864,0.154295434928946,-0.548303025850761
1236,0.365361304233868,-1.23292293919718,0.348465960110898,-0.834808280448505,-1.35413782123232,5.77841381240142,-4.51741704833285,0.841034776956689,13.3402274262846,0.388535845884808,19.1967496812611,0.141606085408788,-0.00211563928531629,-0.110138550828979,-2.5507280521768,-0.18461523374356,0.00660624106115096
13_10,-1.01532795876777,-2.20883230868748,-3.77835196495354,-1.49970618050431,-2.73784537460742,-4.55861722596072,6.58073322738065,-0.927685399598098,5.63344647786609,-0.194464726671795,18.3739613174454,-0.320109328169863,0.0223031956597782,-0.570523965509106,-2.48317132511754,-0.403738803532835,-0.30089338083789
13_109,0.103082925016589,-4.57751672231819,1.05215833381367,-1.24042232233205,16.6425196916651,-7.71041515582301,7.19288313386949,-0.967108323118892,-42.2723250676765,-0.368289595908899,-27.0592447163138,0.0653694091346233,0.0070174726666649,-0.388867082889998,2.76387212160216,1.45349788980592,-0.127732545339351
13_139,1.19021914190046,-3.62139881435417,-1.43409857515065,-1.60495096528029,-1.00463693161413,1.18198824151272,-20.1267765128189,-1.21355492744936,-4.68663884660735,0.500701528213853,-26.8931067703192,0.997402024245308,,-0.200286917660448,-2.28170752960865,-0.615993360643879,-0.466595258800117
13_32,0.25918193828975,-1.63797874724815,3.68815515880779,0.714706396682758,-4.9270901943507,-8.27901433801495,-18.3080596650165,-2.00548795812116,-13.0105645893359,-0.171771731416152,-26.7210505480146,0.165490557513569,0.0050120043338714,-0.438109966216506,2.4281792562652,1.83767119883527,-0.47879641972953
13_35,-0.564789553771702,-3.27872584524156,-3.20990696434769,-2.88324428892744,5.79153276329098,5.2096583124529,15.0444248252879,1.33661399169626,-23.2780079287489,1.18721628824386,30.3486558475878,-0.119412204803113,0.00893610992656199,-0.214508480874857,-1.13129515944448,0.144958099663747,0.153999132848034
13_38,0.105850728720449,-0.659592841421282,1.91271199973781,0.377161799995009,10.9448525747787,-7.80361265878445,55.0993206899128,-0.0463530445978728,11.732271118431,0.238250978556327,18.6533411431331,-0.568656085847679,,0.0311791251114242,3.8302487981733,1.35919504838416,0.467117771490208
130,0.702482850673321,-1.61179579113327,-3.19010989123448,-2.47637083233674,0.145516859077383,12.5305237372113,-18.0689482787806,1.4623564960577,-4.70725954409471,0.279098946754592,12.0572479642211,1.38875202541813,0.00394186605579317,-0.232983129091441,2.4255032991966,-0.148288660184062,0.0320802092912707
131,-0.875022732834471,5.77937631971932,2.8002119835728,3.15027088455277,-6.03867169276091,-9.57467466338174,-30.7630549408224,-2.1452661844053,9.20120746447964,0.118281635641952,-25.2413363198721,-1.60016380372774,,0.188123507968845,-3.68878402931282,-0.0715828522106895,-0.683500178724556
133,0.222957435980589,1.92365497477847,2.55991502412495,0.863949838141203,2.91448028471064,23.0749302529524,11.006785822026,4.40489054724173,32.7808786122972,0.947195521659617,8.14480000180404,0.210504245299741,,-0.308143595204264,2.07828733384134,-0.113260743668497,0.380754364252138
135,-0.866562120850637,-2.40920684332509,-2.38264479822133,-2.64200855971633,2.80954997960015,-2.00739687443552,-22.4102285151339,-1.09664459114105,10.2955274476703,-0.297688609601414,22.3053915229021,1.1781207762229,0.00473132913385099,-0.00396091142036137,0.286310742391388,-0.444655687786243,-0.18188200515392
1377,2.42740702034558,-3.78848536414113,-1.25721643461031,-1.26576770221923,1.80929094455406,19.6301536059532,-60.401504093064,-0.188816179492699,-19.640379608285,-1.04262044557188,0.462718390866545,1.0710895219024,,-0.293354716882022,0.221512212194456,0.00604076580257299,-0.658682590344332
140,-1.31104927881095,-1.21907539445677,0.798398668334391,0.910993641017827,5.2617589408968,-3.36404057108148,32.9521227088414,0.360435005133069,7.72702195662795,0.283144164465554,2.35147150743656,0.669989149062491,,0.163706260290612,2.79034902176773,0.800832354383342,0.570250166482834
141,1.07490270070526,0.223808123115064,-0.747332163933031,-0.318836911322357,-0.0804080883613853,-9.16386746319946,1.35004733932045,-1.14196923054296,6.82107479491621,-0.299385254407904,5.79956088464644,-0.768932248189217,0.00797228328646805,-0.0432310959996032,-1.28331282466249,-0.577350295229828,-0.190877034427415
143,-1.62112782294343,1.50952855443533,6.94604386148895,3.77534446347133,-3.46050272782308,0.585856351785547,-37.3456430292686,-0.884675426491222,-19.4811893376363,0.207194196133576,-13.1957449090098,0.895167805624944,,0.17782205921202,-2.8537845794567,-0.398558007911648,-0.53631094821862
1446,-1.24311207377365,5.85904873803729,7.06480077224679,3.09634383619259,2.77221585040684,1.61228638175098,10.1870369903388,0.747599814897956,18.5796869423394,0.0699660705830805,16.4542283918286,0.868750460028285,0.0191742466221259,0.108315721321587,2.47442176531189,0.168743935186931,0.498033703745151
1448,-0.410815837208193,-0.185569985767151,-0.822293200768107,0.256213030799226,-6.09626085397484,-4.73146787399142,-12.3530454611894,-0.716696760597863,-0.262361648793963,0.222353943477801,15.1940101965838,-0.0829895359260661,0.0150864484800749,0.307061213899392,-2.01164928719917,-0.624822931360205,-0.144524962407814
1478,-0.0904498410766724,-0.589593567647486,-1.36781935698705,-1.74112465672558,9.68876229704084,6.43311445841969,-14.7139523430801,0.69692597088625,-7.98230477342492,-0.335978708338877,-2.92648651204898,1.73067156722553,0.00266169827162235,-0.134529650249095,2.05387577586474,-0.44842949861655,0.131928468431186
1481,-0.94304920990498,-5.21617830148412,-6.45511081017927,-6.16958124201787,-5.2730490953608,-5.39826382326502,22.4219119536905,-0.0967608642340151,18.3295453243489,-0.376670114790567,9.34645294071772,-1.35245997806922,,-0.141087969988097,-0.951469598126287,-0.372765670923811,0.352866972237102
149,-1.75250507915028,1.56997529124481,2.94346528606686,3.01513050315462,-0.2452875535361,-0.531735224022752,42.123590694982,0.612624237413383,12.3245426446409,1.09247821395288,-10.0526099598872,-0.0458870085502428,,-0.341101603924954,0.785293334055303,0.435920450731734,0.712766055561052
15,0.882891741815886,2.59641286575534,4.49264746457452,2.97731867107819,3.25391938822445,-7.63488099957834,100.769578042066,1.25760277901531,2.05521921421664,-0.405049320856307,-1.36583569466105,1.38796881957779,0.00634058712064279,-0.0350480113013268,10.3472135713373,1.83276851247105,2.08044189232193
152,-1.31350255780491,-1.2193521731506,0.25749770486237,1.00076707494347,5.34637060826133,9.45623334844816,0.894017949192947,1.38046385828103,-1.29520355963851,-0.0272045133903084,24.125960779856,1.09297899832939,,0.0393573180131807,0.481080687806847,-0.594406896960944,-0.0616209851778511
163,-0.768101079831299,-0.843966532666975,-1.54161318569517,-1.34771678405032,0.119870573096325,-2.08951255307296,-27.7646479962801,-0.888699806837914,10.3996506258349,0.29580374043547,10.5747547677412,-0.426365015219027,,-0.128692894059812,-5.43194956951067,-0.613285027803595,-0.490298412169358
167,-0.61817094430124,-0.837364462881268,-0.939495946240798,-0.878190802601037,1.77079854509552,-15.2306069976879,-24.2228767458576,-2.49975845960556,-22.8877504527052,-0.872583730768292,0.131388713162104,-3.26551820481931,,0.594098914580342,-7.3421482150012,-1.33878608825963,-1.33819037501384
17,0.212625431291652,-1.27662687716853,2.8648280370545,-0.309235231011297,-5.72356138737032,-1.19009531032637,61.0469643894693,1.90655662290965,24.0468576759843,2.02550440055622,-0.479133113722672,1.01619371015132,,-0.290688325835617,0.564043727233551,0.244580290937596,1.49806693992633
170,-0.413835711700907,6.54641584699579,7.52044857471111,5.35353875792721,-12.7625198620671,-13.0228016498368,31.3641095357222,-0.857100673045895,21.8163435219044,-0.207514897036631,26.8797477857511,-1.08291674220842,-0.00148461944105953,0.171235748891918,-2.46185780493275,-0.119685053633647,0.513334383008501
173,-0.600870145239485,2.26833774248673,5.27939350258904,0.437922733135027,0.789663604477874,19.7394900735152,-39.9118225450388,0.893252831965054,5.25538762722086,0.0570728246131953,7.40028367770367,0.438921013195035,,-0.335224328090851,4.64999285465907,1.13546373045277,-0.34161071808257
1870,-0.178947693849482,0.990181970668741,1.49227924815171,1.95276897087409,-15.034934126277,-10.0150174673958,-26.4611877902903,-2.29685854252261,-19.5531130562729,-0.598927953405409,25.0992082081337,-0.577483145237767,0.00647600266029914,-0.157109507054395,1.08286004766732,0.235278308275471,-0.520314396417211
1872,-0.771102360309597,-4.41270960967705,-4.43406393518589,-2.19197838384699,-1.29789677829641,-12.9880694185309,-8.84819536831981,-2.60312583690433,-32.7398106953549,0.00156463957950283,22.8429634208871,-1.59496516270953,-0.000589843738490044,-0.112699238697067,-5.7019739415956,-1.70157843748417,-0.665224555831278
1887,0.279937249853158,0.450639461643054,5.30403155315946,4.32709268481852,-5.64548806547429,-0.887314738394144,-56.7547312848968,-1.92372408543653,-27.3796633837657,-0.346769731429785,-34.2648860827078,-1.11746520036732,0.00238588881597728,0.0496684382144746,-6.25301914601791,-1.34271808808788,-1.15412907179083
1889,-1.71062245344327,3.01637716202042,7.050944221879,4.66565041240009,-3.30667444217057,7.74998660628906,-44.9937630258414,-0.3544387257677,-32.3030921503679,-0.654374259553658,21.1855354223113,0.245632711160497,,-0.05806833991051,-2.72211577990207,0.0937870487103473,-0.658526558120896
1893,0.160087431204353,-0.781888917852459,-0.937685670234157,-0.960263522674076,-6.97880411566816,-6.46172302174542,103.129329068964,0.992183431696849,8.55076104743877,-0.0233853082038218,-18.1166316459967,0.493652412543793,,-0.229516723728571,-1.53026237491349,-0.494632957532494,1.51637772117961
1900,1.46451594460871,3.92280755002306,6.5730299874803,5.70448102121119,-2.56060043644941,7.75193524700232,-6.39535533034182,1.06440526644383,-2.36337312543325,-0.570170381022695,12.6019369513098,1.02581096317896,,0.00471424772706889,4.36513126493884,0.68384569892459,0.0459372317691597
1901,-1.48400928274369,-4.79986941556795,-6.5919778342842,-4.79307827039468,-1.16535989558611,3.33474012921303,-68.5928825366542,-1.23879414797133,-36.2461528752309,-0.745342593169775,-1.74985894216144,-0.377465016233606,,-0.198882008072063,2.20709011585326,0.434299684902335,-0.925190529705876
1910,0.0426604175352229,-4.29035455554084,-4.05601049883744,-2.52393187345478,-7.75240742572055,-6.23407309078099,-37.0542409645709,-2.08387808405885,17.2073318343522,-0.127052918664235,25.2241623025457,-0.936283602763821,,0.0300230524124594,2.5946777830261,0.0930214901221848,-1.37287180291928
192,-0.800518840186107,6.08378947364222,1.79982190380001,-0.313962506926419,0.775997988121991,-8.17161482194379,-28.4101312869011,-1.2940857347816,0.358076314510811,-0.0798548339426128,26.7176571410856,-0.308671507251805,7.94162506071079e-06,-0.194829007498655,-0.379847020032396,0.258565555385672,-0.407347966019345
1935,0.843368028675035,-1.01706324599169,-1.93151538635915,-1.43890413269723,2.28623053773354,-4.33383063476293,42.722108929397,0.0715507990542496,11.1949272881005,-0.321995303885632,8.98603798633361,-1.36503772160636,,-0.0161268961284521,-3.93999613223924,-1.21540805222168,0.278803074650338
1951,0.567785434240659,1.01447670559223,5.94288949492374,1.31568458442557,-1.42294155897645,2.45775302198553,-10.1108661435905,0.575344822221189,24.3878464569834,0.552061959541238,-11.8193560440298,0.424625684672299,0.019961283715469,-0.0685742095940776,2.44140452614393,0.926167293515011,-0.0366967817016642
1952,-1.20594450809079,0.441471047449046,-2.31514016228381,-1.42880689385595,-1.27883707653273,-4.36139738487017,38.8557744036982,0.192063255454976,2.68954235414954,0.103228194180344,-19.2736424148522,-0.202187452636211,0.00603637268377282,0.0589782664052189,3.42708483906282,0.348517175842219,0.459440920999573
1962,-0.61427650531639,2.00434131847484,1.81250264231154,0.329286530386324,-2.56243812432953,14.1409891952222,51.2101960019385,5.13654816439754,27.7333290576892,0.552968253252062,-13.7247434211902,0.841607966640497,,-0.134161180737811,4.182249105967,0.501886441258895,1.47368525249698
197,1.32714627026119,-0.60949611638032,-2.56510541463359,-2.00109411284094,3.4881500658514,4.57512168374842,-15.8002893508146,0.397625537254112,8.52916551428932,-1.13495112757012,7.47033489097077,1.20301431215418,,0.702813229818137,4.02669319985789,-0.115815860648303,0.076826984639345
1985,0.550919816310258,-0.249977315784621,3.36118197459831,1.31062830235075,-6.17619997819708,-9.67892777739449,-22.0555976562084,-1.88199008071397,-37.5522380350382,-1.04488385349807,11.6007256776568,-1.43143667632641,,-0.327052061992781,0.726192776199511,0.511159050389242,-0.956135483119186
1988,-1.29572982091879,-3.1658834653808,-4.35002021658132,-1.92775124253696,-10.2687396300533,-3.60390700868775,-49.3112893627959,-1.61428081356813,-19.2873822603564,-0.411136115520479,-40.7664419460485,-2.29128111652258,,-0.324056354175674,0.35367905307062,0.0299529548311923,-1.20063104207116
1989,-0.0764935339435801,1.25207716603169,2.6342833482097,3.15904535664045,-11.2438863888258,-5.39243190565247,-14.6577504975365,-1.08294690005315,28.6303813837893,-0.972677628616769,5.95231539485865,-0.982040489375408,,-0.409793111212333,-0.200510960918176,0.057229118607191,-0.303762169609429
1991,0.160937827063026,-2.47717911962335,-5.49611940515959,-3.25292910141455,4.22956304375205,0.939526817148057,-59.9078442267567,-1.23764814689461,-39.1297567790949,-0.537093276526511,-38.2062010398322,0.0613104283044579,,-0.364576122235016,1.87171878765428,0.386315595185877,-1.00681020034685
1997,0.310049782779709,-1.1177542167612,0.06781050206295,-0.348234152078428,-2.90755694522714,1.67624443393654,-8.8015325620652,-0.104057401899994,-10.9669169048221,0.0374651551648617,4.69207076505351,0.388398304988669,,0.0644772993247093,1.64857386047147,0.193422694579224,-0.219020483880736
2,-0.829803928360815,-0.899893019240434,-3.89353493584491,-4.38360805467051,-2.48947809018173,0.846822195887315,34.2798466482311,1.5713437635615,6.74132405033918,0.676964030577739,22.0284927271547,0.413352031346585,,-0.0729743364288157,2.266565077261,0.3144664543848,0.891359228396194
200,0.871012888552554,-2.69340420141587,-2.30220983171151,-3.0823490660599,13.9941088408312,2.36396901452777,23.3482253687874,1.68012138959185,32.3778644981681,0.0184382829926773,14.0329235925434,1.33058271443366,,0.298184835575294,1.92161917665809,-0.346075520876495,0.800023015101462
2003,-1.42547509131437,8.83204808914884,7.31337396843094,7.84446159554214,-13.431614826539,-10.6407112054574,-72.4482755561985,-3.63855976705696,-37.4707562176507,0.0858257680544958,-26.9371128373692,-2.06832315894539,-0.0948668462266889,-0.106395643525249,-1.8614975806639,0.139170908176779,-1.61965770097218
2010,-0.0296192051728682,-0.973480709962121,-2.37906846838978,-2.03665817124987,-3.34110872809862,1.65126182184026,-47.1492153076022,-0.538736746493794,-24.2186300693716,-0.390712066312597,-7.30092929244461,1.02361831862722,,-0.0440606138248846,-5.01022088912297,-1.05895185702604,-0.640772403961234
2013,-0.481370891251555,-1.10404471747756,-1.57253020294789,1.37041748059873,-14.0719804159294,-8.07065779100116,-15.6368009176039,-1.61516449932358,-20.9352096845006,-0.0789879226853434,-2.15650512186177,-1.89011080862685,,-0.0975691479923387,2.3840873160065,0.635006405705604,-0.556403616230113
202,1.39642525307524,3.63612586582134,0.488268562622921,4.52007070304262,1.18948980244516,-3.34261737685731,-6.96176378099083,-0.86729534046568,9.88053509590351,-0.0442170639760624,9.74990161664384,-0.185322338697416,0.00816022262570458,0.231910157427153,-4.12609247048901,-0.888546816951109,-0.135695177518242
2024,-1.51287277154783,-0.891996584942172,1.63290236699426,0.0172587241853149,-4.71903579847936,8.0197742957754,-87.928009106485,-1.92200411574905,-24.3333778664657,-0.741282251329729,13.8626625626882,0.733280125189662,,-0.237786142150557,-3.59683539790667,-0.819879261843864,-1.4371217868198
2026,-1.19780067259336,-2.31406812975416,0.805729461508973,-0.359802360513236,-3.55648809683716,4.27128993768342,-62.1103593762849,-0.933415024927744,-31.8910493155777,0.168754294034323,10.1408255937239,1.249071691073,,0.150823995602928,6.5298263057369,1.65250057205948,-0.742923127827898
203,0.569604212840462,-4.29433178248768,-2.02481784927259,-1.97839386331601,3.01067003696934,-5.13945329138959,-1.57893654490123,-0.682481914061972,-27.3985385136414,-0.696072331749635,10.9007686686622,-0.234479122586532,,-0.153660322798754,4.16693163028286,1.39865672054245,-0.395765294505728
204,1.29289186862911,0.755534744266853,1.16945046481325,2.12835880076823,-0.0782039182357282,5.52457719886351,0.75556210774587,1.09752577018557,-14.5100880747092,-0.714556532814687,21.3175857878219,1.71408485047717,,0.0101609194209743,5.85283628295692,1.58717424897773,0.217485547015264
2046,-0.819520155642975,-1.81114730366672,-0.322180162254027,0.743622054416652,2.71746587261933,-8.62322245717738,74.4116669954187,0.468661961992395,1.68959279773405,-0.188285516525735,-1.74331176781807,-1.28346407197369,,0.414581105764413,-3.96988643762242,-1.27827143311655,1.05794071025555
2050,-0.754840792658175,2.33329085376073,-0.313709804554729,0.0634683165377258,-16.8821242252588,-0.222258859624917,-67.2019580317661,-2.04589929914166,2.60670387675296,-0.00139377979351504,16.5953485678765,-0.775337491421791,,-0.0759752760676288,2.33811711573454,0.444443541360255,-0.91650894486936
2055,1.54018692762293,-5.14006961299304,-3.25604914999429,-1.75491919554893,-0.995353930423019,3.28063258676231,-46.0953718923975,-1.05122588272936,-50.4607220704065,-0.737093503394136,-10.8089969375122,-0.939003317460687,,-0.308682236325092,0.0254060483925475,0.0325919310328863,-0.821720008492392
206,-0.667339714241458,-2.90587516763196,-1.36957212123021,1.36517886809664,-0.929069113808483,0.375847841946203,-34.0878049972905,-0.864584290283434,29.7203483052213,-0.0272772422265978,-23.8301581222115,0.54082175363874,0.00157231790526213,-0.321685061298795,-4.89833308525293,-0.299813466005875,-0.333799471245242
2061,0.877031803379399,-1.69079441128169,-2.70163396973578,-2.62127821848933,15.2909962208769,1.08320949218472,40.3057070725748,1.34696822941295,5.77684388245536,-0.159265237062941,-39.8388862365048,0.731046140012632,,2.15055961680282,-4.60589371913173,-1.16993671286155,0.526523729845199
2071,-0.411939297910474,3.25652758766474,7.1403078353492,4.98165755516816,-8.21795743149488,5.03152031576986,-18.2961451271993,0.226209869897991,22.0019065447353,-0.214189729089994,19.9752657295485,0.047149412034975,,-0.26528760733661,3.36504450726575,0.243512323661062,-0.140971743804648
216,1.59637826110547,1.0374756517932,-1.42916171773314,-1.39199440098805,-0.492561149606641,-3.55591963864739,-34.5573267984509,-1.20032803455939,19.1517974905896,0.747757873898093,-22.2116777692408,0.809293302289169,-0.00171345961189933,0.114271240720123,-4.98895083922116,-1.09451492348402,-0.320309368099963
236,0.642196656610787,-5.62879392382008,-2.42139601645692,-2.09498390329549,11.062084031171,-10.4115740700986,-46.2185058172577,-1.95499983696484,-26.8026675933037,-0.255067765701837,-2.25950093854341,-1.18074106708331,-0.00011276028706807,-0.13877940247678,-2.89461634194859,-0.474241330563516,-0.812581979170361
238,0.33735866872994,-1.61336431270251,-1.60354289859809,-1.83396539009202,-1.05767786711062,-4.89527022637307,-48.0836513180563,-1.54925192542259,-26.0184527964934,0.176161579312725,5.30993814620099,-0.456274055625842,,0.146842079237966,5.29667712249417,1.13637031566529,-0.997189232786745
241,-1.248354824988,-3.74022517719298,-3.19499486094433,-2.24507434165638,16.3148499384732,3.16413774507698,-12.0669173158707,0.0805249781479247,-34.2785625076049,0.00709244831910027,-24.1375904329589,1.07587487017709,,-0.00152417670542695,2.02516956627084,-0.115438077369189,-0.0736884541552455
2410,-0.638481067975242,-3.90300618080035,-1.70333344377099,-1.50252423792708,4.9992407763885,3.23414976524133,15.122008049793,2.29940300317153,-0.673280905017884,-0.0900174939358377,17.3468580195725,0.480093624317147,,0.0772803896259442,-0.485695647076855,-0.582070580295992,0.663700015498522
2422,0.922664122058516,1.43362002824343,6.14662034712459,3.84342651429641,5.73135371704892,1.61151239330837,6.38814123668464,0.461885298119532,-3.2853314383198,0.248295301261417,-16.2285382540895,0.206934549335551,,-0.082638121512857,-2.10661470749588,-0.432918137291453,0.131875029086671
2443,-1.34493160773726,1.84092693732742,2.13497966849597,0.895052475066755,0.137748737585945,-7.72554974367747,-38.3478839893511,-2.33345948390595,-7.72842330766069,-0.249844414051804,14.4268058713381,-3.47520745173485,,-0.315683741781681,1.06170118270303,1.03068798703522,-1.17157509642294
249,0.499409841115137,-1.20289571692427,-2.48313401657653,-2.53174727747812,-0.538878279866312,-14.7636830653067,59.0742163377408,-1.04625016872415,-2.6252470278314,-0.0133742869763627,-14.5538128395452,0.159936973212321,0.00633880928757167,-0.115576317500528,-8.43122526351887,-1.39659262902383,0.834632281151198
25,-2.0938674945151,0.843365873207128,1.02427780125352,1.80420920118446,-6.27075590647272,-11.9234581581199,-21.200742355489,-2.39073936468366,-30.6793582028919,-0.116341595024689,-16.3067935819243,-3.65911365419769,0.00529338784695231,0.00700828580350286,-5.07803025859932,-0.970247879124514,-0.937169859511331
26,-0.264820238121829,-1.26608613486202,0.171280631913317,-1.45845044538364,-4.70709000376348,-2.40907722541043,-21.4137092623162,-1.24972734883984,-33.5133688465681,0.427167580783008,-37.6366067352615,-0.00500112281637999,0.00392884079667549,-0.0615278878167329,-1.65302377566678,-0.35711063613023,-0.553458956133483
261,0.0477002763536532,-0.887605795331898,-0.508822273115699,-0.990706641180523,2.2753413098199,0.33065534879209,-45.3821994075099,-1.07137277228166,-6.96303965058478,-0.571115226425037,4.18412585231425,-0.186759496353905,,-0.393887366078666,0.124368541167022,0.349177208309962,-0.661933776363244
262,1.59168330746207,-1.14492344931661,-0.346725477391204,0.678334638548004,-7.76261032879432,-0.972280388644284,-46.8302366960984,-2.23012158350133,-31.507219496551,0.0823675057003589,-13.1454931559517,-0.412872948755334,0.135520796905034,-0.244281141313076,0.681721138517103,0.212441432603827,-0.959676127432891
2625,-0.908476903732863,-3.61765756799012,-3.55822428156268,-3.03854997939115,-5.28833827772052,10.770267528297,19.399440072486,2.35743129244776,11.994608212964,0.141574004781627,4.45568065836831,0.434399587785514,0.00863031787516989,1.76775528728338,3.03083725978083,0.401095183998122,0.263005148313095
2651,-0.244857977098475,-1.35262140512831,-0.570995359125995,-0.121037103312558,-8.63670351843781,-8.48505758357423,-11.2100324078832,-1.92959765015714,-14.0354680450466,0.462892737547233,-0.946038298710578,0.0435383831778292,-0.00543743406604005,0.0223424950459353,-6.72761793956239,-1.13889347256707,-0.433251217253115
2652,-0.761918571794178,-1.3636976499748,-1.86174462355581,-0.0763776117231848,-2.85386146274418,-7.7948355300399,-7.90647499554452,-1.05294908128508,8.17529956392856,-0.301227760946169,19.9829476039788,-1.09222737450025,0.00205696660602065,0.0643525977734667,6.5686803304432,1.43602811615843,-0.140204218682759
2653,-0.269559045809632,1.32194089044497,6.39595293696184,3.80279117511257,-4.17671840897047,-2.07264165271612,6.57670771188442,-0.537612235145248,24.9822518035009,0.0446517940899012,9.08394114767422,0.880323743462028,,0.0546222856654543,-2.91909447195238,-0.314848764741587,-0.0442944656409094
267,-1.00436884956464,-1.02445051493578,-1.35611245742495,-1.16439445743043,-5.68525413174422,12.3726154085997,-17.594846665813,1.66772348202296,-5.56017211576361,-0.588172371392406,-4.68285020516122,-0.398199675503135,-0.0044948540525719,0.0435475953697492,3.46057751755545,0.449899890224454,-0.27204968841493
2670,1.86336276444015,-2.92750442419448,-2.89289066952362,-1.62973491506821,-14.5965992952373,4.68644200855754,-29.7430594160657,-0.574583975855614,-23.0187482749017,-0.192623286310143,17.7527369511221,0.834405947136794,,-0.426571057072761,-0.369526310950499,-0.50338602331406,-0.287609719957127
2671,-0.491138821624162,-0.55508071031947,-0.251229584146405,-1.33813978089557,-3.48864092044883,-4.7895304188663,37.544536689875,0.682744738366157,20.1284464242151,-0.192848834811229,9.3901173505415,-0.347460747543972,,0.25212985068465,2.78213453317498,0.70564836758861,0.958914090560279
270,1.20621943541189,-1.4170302098515,1.64092640002926,0.149975432087161,3.96261473633257,-1.04707141051363,-26.9543052221262,-0.800026246852745,-43.2190225653367,-0.512355100166047,-9.6652454802539,-0.79961767245617,,0.197301279635834,-1.67014797404319,-0.0625699059049596,-0.692978110948496
2720,1.51030397924743,0.680041599657471,-0.534806723258286,1.81874103149481,-2.70294707903858,-14.3872483052115,23.7041896607028,-2.25066235209071,8.1972950638319,0.133230656366725,9.6590575737595,-2.48947941013647,,-0.119248591665842,-1.95926262766862,-0.403864958610994,-0.321566921813099
2722,0.332006498543918,2.19114567902971,2.02008539657587,1.23265097443448,4.1074484213538,-3.3133233926996,-12.396507939567,-1.00672099097851,-15.3423592176007,0.151743748469348,3.02322731031375,0.267201669892241,-0.000170768812131811,0.294517955976249,-2.34647118979829,-0.301932029860665,-0.38486260602356
2732,-0.319671406317798,-1.08198239963511,1.43586054032641,-0.590040506217127,5.96232218241379,-3.11695539799382,37.7771342587047,0.989489688434182,-6.4281995969699,1.31187750544377,0.899348038823677,0.890705618525223,,-0.429212894856343,0.479814791146789,0.251148807012071,0.677362005666322
2762,0.584095313833227,-2.03475289361302,-1.82400776867522,-3.82599558196757,-8.37040510016757,8.3796085821494,32.2686677540656,2.70362468863881,14.2835886506214,-0.716952824459554,-23.8159199640618,1.03408056755573,,-0.45359209814976,4.36386249570349,0.793626201069533,1.09609752346995
2779,-1.49032432997622,7.30248035107708,7.48544010739572,9.46029342591833,-13.1992114573237,-1.70787690430978,-25.2483659769173,-0.643631256876881,14.2151340132497,0.405689060272305,-6.5233147987005,0.510763718621494,,-0.200361105593086,-1.8413843472536,-0.102480042313812,-0.151974729692882
2784,1.88774486687895,2.39980276280099,2.68995310962171,2.42921594197525,9.62063072263942,10.3658127288163,19.9214548393042,2.5096791772332,12.5975826900043,0.151080739963215,-16.6929264124892,1.41118017546599,0.0106948262916273,0.27502122856882,-0.50253294973917,-0.974585360461546,0.655566510494722
2785,-0.985623993612428,2.52219136359528,0.148786914935406,-0.284036956800014,5.65245753524673,-8.69918509714929,8.52010218221039,-0.670061664910868,10.9019612909135,-0.492809300824135,13.8757771316227,-0.781288803767758,,-0.0171231510014886,-3.4194390694705,-0.779618258023845,0.165136050980449
2794,-0.374169899607772,-1.20734206416667,-3.56661994057229,-2.12961528909893,-12.4890302384439,-9.76333356176595,86.9022652350117,-0.398941875149935,6.40033860492893,0.432486158088717,-31.6372444330445,-1.3571591805058,,-0.384270969770306,2.03740831024878,0.300841556380439,0.905163079200545
2796,0.700097647408696,-1.03412426251085,-1.42970056804158,-3.09368894157148,0.274072039452807,-15.425150168709,111.419656358327,-0.464789400718088,-10.1609326478494,0.0676534086501585,3.14488154747765,-1.38093942741285,0.0106214842455814,-0.307125598626455,3.56087263362202,0.595738136673373,1.38650525576674
2802,0.178867538833753,3.07512527945608,1.61970201425759,1.92528787933026,-4.15947518271753,-12.3532628449342,24.4180206653725,-1.3174915094749,26.7652174241513,0.239927967699347,11.2020941349515,-1.60407566028841,,0.0723559027363314,-0.118821200283573,0.397928575647994,0.0791624398613274
2809,-1.02405278959561,-2.13102905588612,-2.07221185191755,-1.83372623285921,9.80452969805358,-4.57476116598593,86.7693232360544,1.81362885984098,7.1317319546749,0.248234027085571,-35.3970374645388,0.179627103918313,,0.0473272070606078,2.23265699878623,-0.313968052831114,1.22992649964722
2810,0.967915472545445,-0.0307309278436164,-0.617444536372413,-0.490876236798438,1.66123381641322,1.75755795256662,-1.72118242656899,-0.0284892740376834,22.8082821557636,0.372749104759581,16.04504421968,1.52197580256435,-0.0957217722821663,-0.0682487856284766,0.0378029323084464,-0.288367555701901,0.285903925325532
2813,-0.275666000903653,-1.29346209827186,-4.06153771475486,-3.79090341817758,7.97879565097425,8.58316119888383,-3.16494032332324,1.21252904160278,10.5326307163231,-0.454024820533237,-33.6726526041473,0.55969226283246,,-0.310433784602124,1.74773691130089,0.420482015074458,0.222546021981335
2817,0.539638424725399,-7.93683149641851,-6.81090270231128,-6.04123186204209,14.5426865742505,2.16579458727749,-16.4635592723002,-0.410539956027585,-6.93801803759914,-0.248235925706086,-40.6445985822793,1.16921844402993,,2.04400804999726,-2.98219808840774,-0.503385548852625,-0.103783636928828
2820,0.36080322504943,-0.682864100658292,-1.25673704447018,-2.73748889453169,-1.13170692823141,-5.45743458064958,44.2141774088474,1.1516073434358,11.1417196675231,-0.352496809775519,-0.302677849889505,0.5708124279259,,0.0733745652918447,-0.0488679931213433,-0.0423105297186421,0.932853714091628
2823,0.026810858544307,3.33627241392607,4.93013973298698,5.41380435578746,-11.9218582604097,-12.090798752528,-7.79168222265849,-2.83409384662033,-0.0175241890087549,0.00146705163205555,19.7362207598014,-2.06053160346563,0.0094181068570733,-0.192888737180795,-8.148946366053,-0.83623915932131,-0.690003546233516
2827,0.312029304490119,0.376896406205779,1.43212791228103,1.13984209767207,-8.78724302851567,-13.1598888995823,14.0160958494019,-2.16527206574358,-12.4994296493484,0.050673728449464,-1.25622936828748,-2.9013057507299,,-0.17751818640036,-0.453700650234868,0.297359637616267,-0.50154320675552
2830,-0.238510708304948,1.37579396251193,-0.776100256214923,-1.61488096015717,-8.33439193439834,-6.66808627062142,-12.732232831203,-1.70058353509234,2.99561319528891,0.460729995772422,26.5094178292055,0.161478014621164,,0.208769976723051,-4.2021137788991,-0.692496168500733,-0.293207251044391
2831,-0.289141407954801,-1.05143440279877,-2.27495319525474,-1.20005395766023,1.47112365374055,7.68288904382306,-7.1789474062255,1.20539136487726,1.8835860263289,-0.117522183903659,19.4659826541357,0.775446417205436,0.00437327967181742,-0.0247836268941885,4.84015465812986,0.83196813627914,0.0400201800591718
2836,-0.692491675220983,1.45375812778962,2.16606789024813,1.9461508651781,-8.72683346893878,-15.7429465737673,14.9364361415815,-2.39926626110315,-8.80260353166898,-0.274582812796887,-2.81204093057745,-4.40775852958324,0.00551287104236044,-0.0168167945899498,-10.2917592950615,-0.971426577317963,-1.01480568520114
2847,-0.80173170387491,-0.19273393088652,-2.94429167830574,0.901062251476153,-13.3734913751566,-17.419294142189,13.9202624566136,-2.19798724643455,-7.39303604681936,-0.216128116472295,15.1987039516276,-0.493125007952763,,0.045888261331886,-2.23006328385919,-0.419513291527586,-0.162141412825453
2848,-0.612459673915121,2.52311708595358,3.16353970248863,1.57239040960251,-3.00383052886341,10.5181459115127,-43.5803291105237,0.260395343840098,-17.2499327935728,-0.137562479491263,-16.529042074396,0.920308399882333,,-0.0768795328549589,5.52154904660242,1.47986604357342,-0.355224951131946
2849,-0.215896320284417,-1.99920394272936,-1.89744710128432,-1.9238600677254,-10.4276036878427,-1.42500623550797,34.8617224784796,0.876819524218967,10.5971649512927,-0.258135242921049,22.4833420741598,-0.278495855669925,0.000625492727855041,-0.0437700517680708,3.41459521725631,0.502722029810805,0.286806255130757
2850,0.941437944964267,0.858200180844689,5.42277296239908,1.06782835400502,-3.06537234286517,18.3147656551326,-36.5087102472067,0.777167237444454,9.83581171793233,0.122659439768774,-7.83593866657936,0.541430001450834,,-0.150827762654054,2.09078771017451,0.0480194428736688,-0.651734227071716
2855,-0.846703456723906,-2.06308409707594,1.71083549696028,0.704877750662414,7.56916249282908,0.359499516558828,-6.92840299245128,0.306253356928008,-8.55600009750003,0.545270930920379,29.6760739135263,0.951362826367323,0.00201992250025309,0.0718879346727746,-1.33168138555883,-0.339459341956825,0.176581955296571
2856,1.34304455303672,-1.05420306976867,-1.58631294099293,-2.01197602579217,11.2982669692204,-13.5126731052352,64.2943865686316,-0.627907975950082,7.95393698774794,0.301814582165688,-24.0752750859122,-0.608810276433705,0.00745617706595306,0.161836043081387,-1.01612170378801,-0.237390126031692,0.8676244278813
286,0.582456902531165,-3.25931539849986,-2.58273974433093,-1.20078177287028,13.4957379958802,9.47868812180235,-54.114982902668,-0.236806629147224,-18.4699845126617,-0.135610233768685,-32.3493110930906,1.44410308498881,0.00850335075437006,0.0317807707436239,-1.97237310716847,-0.798262526192393,-0.619098050496902
2862,-1.72821622087547,-3.72728475228134,-5.18585614195517,-4.05150330112059,2.65884820346021,-2.44099813553352,1.9134055963915,-0.298222625263815,12.497650937503,0.137325907229612,35.6384483066318,1.31070827071596,,-0.0381661272462415,4.16059903864815,0.878639155530827,0.252945040884794
2865,0.680679648833341,-0.463885578088473,-0.654160337408031,-0.541621687705443,-3.26990988678501,12.1477723783549,-27.7035705219215,1.07889716757479,-14.9912930991514,-0.652685162413829,-0.0666626274119696,2.25677581145979,,-0.150660486971366,5.08510984107893,0.573626216955733,-0.175682237518843
2872,0.0509238830062959,-0.301407433780192,-1.30136410268351,-0.434403593486062,12.241433073258,8.7238113419289,2.46943810842414,2.14957703471713,13.0507292098632,0.19968342418381,-0.767753909883526,1.23768456186325,-0.00020578101891338,0.456398660744037,1.77251653856416,-0.124342025854394,0.527323357854243
29,-0.283149721789063,-3.39551328449236,-0.870601004620095,-0.0444726954977904,4.37773366224936,-5.36815119753281,-21.4683364152923,-0.848988651781856,-3.84497088649061,0.255870074004876,-6.39867228521274,-0.592456758316461,-0.000586473793120523,0.250451133278781,-5.79318766759883,-0.580035808870794,-0.346868327998153
290,-0.503397925211869,0.0134074068647906,-1.39810361089051,-0.0120416036184521,-4.42163008831884,-10.6666635443819,70.1154962391085,-0.299340260766644,-8.86277552519776,-0.172136731410856,-6.87607249424573,-0.509414686679986,-0.000835129690715164,0.00644651155509676,9.34728412963245,2.19973743191093,0.973072793455086
2902,-0.388079691632555,1.51604111280454,3.51930216789764,1.92854670714059,4.60532539121193,-5.22531493613948,67.1080015542362,1.82338629085764,19.6819025121766,0.523441521432186,2.78399266787161,1.5459847328179,,0.516625004870999,-0.395427446266557,-0.665961832452945,1.56031639953041
2908,-1.38921575267618,-3.67100281977681,-3.61357657282453,-1.78004999882168,-4.05641518305538,-1.47643479334069,-13.7969700479159,-0.685856410071686,-29.7342490856538,-0.0953181319690223,-3.31480286861962,-2.02782391363763,,0.249968038618448,1.84945365642551,0.127271867888995,-0.871561474843206
2936,-0.998228245990188,-3.36352287081252,-4.21452993142604,-2.1731396720817,2.80623775832043,7.27308573139684,-42.3306294801268,-0.378504709034683,-18.7072866668064,0.659403453492122,-31.0434490028131,1.43761118208309,,-0.00559905971288211,2.99567926045632,0.341897824858131,-0.636235240427037
2971,-1.32120757909468,-1.56035123155918,-1.33111764026907,-1.48921345812727,-5.58299030230395,-3.19163703147848,-25.3368986727907,-1.23442214919213,10.1607858548643,-0.02675034729936,11.6003136857576,0.383200201160264,-0.0674505949095919,-0.181172821561609,-2.54775434651632,-1.24683875431194,-0.27637034910347
2974,-2.0513879216213,1.16671086807909,-1.9248094882689,0.0404379328878524,-9.05463677966387,-20.316676454749,103.64203528659,-1.98109123482535,0.603800342861951,-0.0801476254927608,10.9264908649136,-3.42961875772432,0.0139638083809233,-0.183633145298477,-1.46616633826224,-0.00255661055796216,0.385938870292762
2975,0.173562140033327,0.248810945143227,-1.56720161176677,-0.490090115969588,-0.932160777363128,1.26023429429111,-9.04887090149028,0.560349828029429,-1.04964360069574,0.275860159219114,4.42803166658937,1.30101925453714,-0.00267047348853021,-0.0274444600418903,7.10407185728834,0.593755942682074,0.310698218283276
2979,-1.24204719233647,0.157005033403609,-0.828814634194968,-1.17255877602653,9.41498903869583,-9.57105515199401,13.1990707397416,-1.09640765137656,10.6667282541785,-0.0252226419393293,-3.68699544534397,0.32419798556315,,0.0691789328800327,-3.18040982853224,-0.968807591328473,0.216182952092366
2980,-0.124018603316013,3.30872204198879,2.88586419574942,2.81796392481606,-1.76712032113279,-16.8913425098333,38.0304600655268,-1.45043458186187,9.28198888480104,0.228626735068403,-18.5052173539168,-1.91053541509837,0.0168759495417192,-0.0546011088614111,-1.04727775211692,-0.238473367976857,0.359028642916895
2990,1.17657859654534,2.41336943158383,4.23590594228402,2.57508897055928,-7.50592789295807,-1.96803128993244,-34.0362572778738,-1.21071571955359,7.36419553239543,0.507499859313824,27.9721617951103,1.25828149396073,,-0.556268601219004,0.430530856109148,0.154919854961891,-0.38010907319972
2992,0.267592528153921,-2.18208912277948,-2.65288386183926,-2.03048301112605,4.56000531662264,8.31615177642992,5.84567881814274,1.67815377486639,-7.3635245691449,1.01029714090055,-23.7737399024171,0.91817672650134,,-0.040018803309274,4.28543446563578,0.996768603190288,0.405240311422837
2997,-0.810666656875396,-2.042868861914,-1.69754932443691,-1.20830717196903,1.17631302111965,13.7422893568934,-55.3641900949599,-0.648660361400038,25.8667256248401,0.646801581126487,-33.4646880901486,1.43030889891694,-0.000526326399901051,-0.0783500008284255,4.21153441774316,0.103234702005893,-0.635581676377871
30,-0.127716049284903,1.19658221013803,4.18305982400972,2.01998597282626,-1.81110335560744,-7.99906942332231,94.7571688082282,1.02082781538473,12.1983338358084,-0.0216035928370569,9.56344462856589,0.932688709412568,0.018784126893163,0.201474538095498,-2.57116977210966,-0.529006649317442,1.80821973674588
301,-0.800626795980712,16.4268994582954,,,-13.7259290339046,-1.21550330916748,-46.9888030775778,-0.992515568919021,-19.5202509430995,-0.161264185556832,8.00022706540242,-1.16634004791525,,0.0785785839414872,-1.49877058813525,-0.646711701832912,-0.928330474995808
3010,-1.24226476478232,-2.42253727819061,-2.03098375842573,-1.99482860454989,-5.1205141791653,0.66578811160742,19.2850968079297,0.540740980018643,16.8146924056416,-0.200586080293789,22.2654461586278,0.509335715365159,,-0.0353993172217486,-1.05624316253305,0.244032685864158,0.393883929030825
3013,-1.36786785939696,0.818431463712588,2.26618290620671,2.27857956693639,-1.31201401931971,-6.97472590873951,21.648894850788,-0.711374818656252,28.6361947337041,-0.200498434127066,18.0142329436499,-0.788371919674561,0.00945564967212109,-0.220785305254559,-1.71816553421122,-0.458332960703781,-0.296295863688237
3026,-0.310586658983314,-1.80125661327076,-0.457979742617124,-1.80367943427908,1.30518166484969,6.30059013040567,-78.5210139260911,-1.41648595153666,-25.6484680558799,-0.299055154818848,14.1277459286218,0.952101759810378,0.00905934210382696,0.00687218971665099,-0.976806221412482,-0.101426734042185,-1.19927010979304
3042,0.566559853886146,-1.05509418422504,-1.12473501652878,-2.28416583532067,-3.41872150774536,-3.4376221374264,-9.15137498081668,-0.599038508595507,15.3126103974761,0.68507397887644,4.1943776493168,-0.543084313570478,,-0.0724932871451391,-0.307117888022951,-0.250099066164878,-0.445128349893975
3062,-2.05032784560226,-2.78222501895093,-1.44308999178592,-1.24550458350374,1.98673002215308,5.14674540952304,-48.8032084241729,-1.33464874860088,-34.5350096056174,-1.01892044791014,-53.0588608731942,0.722945536856719,,0.115214922741099,-1.84962764871971,-1.10948433396289,-0.670795438939546
308,0.301301502435794,-0.137899714321813,2.00717355935739,-0.368448336320878,-5.36023754240929,-0.835633848039927,-18.2422684886887,-0.715930506983241,-17.5721957261634,0.176253603791487,-40.776056458136,-0.506902666675491,-0.0849565612397644,0.138164731462277,-4.15989419208605,-1.03316353632002,-0.241872963852401
3148,0.965171818814676,-1.41629872376533,-3.07843963540666,-2.04266423599275,-7.45438851389661,-16.2120131149852,89.7496013460174,-0.577176120397111,-23.277331879874,-0.0434523685104051,-7.70643537277638,-1.44014406162832,,0.0914381615778066,-3.70663939271077,-0.840511975219669,1.20958022497645
3160,-1.19717855738994,-1.93354146970156,0.0189372428254741,0.000991351535717504,13.4714601594608,2.42132307369503,-34.9617884960572,-0.441030146891471,-0.557456659085182,1.46916639296028,-13.3820370284432,-0.108621826610445,,-0.138768372593225,-1.96897328713287,-0.285370060597057,-0.678972780417638
317,0.201257263109759,7.75331074655806,,,-9.14886053124073,0.102389747925092,2.49452093218448,0.156329921799608,14.3945787394415,-0.0191062697129386,30.2016783460222,-0.519132977411831,,-0.00828697431146667,-1.05887998851579,-0.32137763631506,0.0702451397160052
3170,0.658376184937594,5.55670407163837,6.92897793351167,5.67871240711228,-11.1476523612644,-13.5725188052185,-29.5746642621078,-2.98075757216287,-14.9812650442012,0.533211304182665,-18.400089401676,-1.07356715777898,,-0.0923691220208141,-3.45763731568176,-0.633187215569896,-0.825961125081591
3172,-0.551956076402274,-3.45349458829302,-2.01798736801924,-2.58876161360119,-0.390027336434669,-0.944060940858731,-4.39512660539297,-0.173806332269847,-4.86381554343098,0.0670565036004789,-2.40167075829062,0.433032863076057,,0.205292485110034,-1.96986164697804,-0.335495073326456,0.00570863741270141
3173,0.244279792799121,3.10431876107091,3.41706193084331,1.59968092960731,-14.513969024333,-11.762229787468,62.4544923824496,-0.766641372095114,1.89941244437684,0.172136100105302,1.50722863512597,-0.998957121106823,,-0.45429715402384,0.248539787937772,0.0312555288306856,0.853053924691452
3190,-0.897644434685611,-1.8377656051566,-2.78622330876958,-2.4028291448602,-4.43157227413576,11.0397287955761,37.3693549934177,3.54924464548272,2.59111051917552,0.756626261482353,4.37654258649276,0.930842956775839,,0.976959332160223,2.67317852451406,0.130883541146233,0.742670182627747
32,0.788311970146715,0.17427682570105,-0.0621374347588871,-0.432821732050101,0.429838100098286,9.91720321644262,-27.3187582859359,1.07489731411507,1.53849844353264,0.289439638309329,9.96744826917289,0.949669283884001,-0.0772859477321634,0.20797813115724,6.57582266588484,1.58806892640123,-0.0647841752978119
321,1.19276326532862,0.566964267646604,-0.453395252404888,0.148949214865646,1.13358307984746,16.4027031679753,-6.92442570367197,2.04743486429836,20.6402286375043,-0.612801430898365,16.2127135651685,0.898369270865651,,-0.407182316480382,-2.1470345981163,-0.497647565284666,0.0419982606170278
323,0.754737003342593,2.45893774083917,5.04312242330882,3.55687375710126,-6.00856738933668,2.68479045632729,-0.197585485243128,0.137287029564488,19.1829489891293,-0.375863366595938,-4.13890057036691,-0.146032614359035,0.0201515229387937,0.315567387467518,-4.32007427257325,-0.852365648722781,-0.0598707721783013
324,0.818598831615576,3.05990225822168,4.238363806311,3.52464942619063,-4.43044807156875,-3.04084211221509,-27.9896612572109,-1.51395782280522,-12.8640299434304,-0.443286816703079,-11.9769467658835,-1.38485792460957,0.0104289239166536,-0.293261429781257,-2.47221502970334,-0.532283383100382,-0.698893043659742
327,1.31171856344206,-1.26334656869569,-2.02286412551609,-0.482708034514994,10.5657040314242,16.7086792849317,-28.1966098751111,0.883009925437091,24.7919031714203,-0.0969330479674617,-36.321048166888,0.739783670529112,0.00258581662710656,-0.140995988132014,-5.18377797900295,-1.51955395332156,-0.553483280059284
33,-0.242571708397278,0.206388332486466,-2.13472185149309,2.65727074699501,-3.91687281519972,-0.780340039353631,-48.8190048212387,-1.46338737638118,18.9663641977491,-0.539434127918645,22.6066474924531,-0.00904813777422,,0.186621333582036,0.544649389220095,0.384630745845596,-0.802649002455187
330,-1.48384105467169,-0.90276531376052,-0.159030929791285,2.06700424429765,7.4837917310785,8.01074719983621,-47.7096458136092,-0.292536251997349,13.9360377432225,0.102067896249095,-44.4008646272013,1.67707183692038,,0.0258484342942395,3.08078434020966,1.45776593014048,-0.367414030837598
333,1.80396597691309,0.54351663923951,2.20432691052808,1.21753117553815,-7.95403474194026,-10.3241278174519,6.26357856273978,-1.53660053270774,-2.72645434498239,1.33856323325707,-2.78355576351079,-1.69992218424298,,-0.208698596825389,-0.056190761905054,0.629024349888029,-0.202271896273792
334,0.880915722343541,5.66509092391971,5.83089086555433,4.85808988411026,5.75758462281196,15.2748367469059,63.3645130051977,5.33994483703452,25.0178027848625,0.202770073083585,-37.2580614130464,0.0488151093859591,0.00148982694506242,-0.000127637861589506,4.02471314792426,0.665320528788633,1.34311135902882
338,-0.723210287597949,0.022459579485682,2.31372733691246,0.0237796814483149,4.634317302818,-3.89132645543134,-20.1808568350944,-1.05332093507405,10.3474119570426,-0.03035598086857,-10.7556996607295,-1.71610346433636,0.00810413861953245,-0.0802601349376941,-3.62167044776427,-0.9519491347839,-0.776448397865664
34,-1.65459394666221,2.29347589630617,3.52673106588415,1.92081762767907,-5.01596339230546,7.79681547516794,62.9322874734643,3.50928977847217,7.61369252605663,1.90279634026159,9.71643876604786,1.28078215341392,,-0.128433794271029,5.43575996225547,1.12020036812641,1.10862176735353
345,1.79292534747627,-2.77740120868604,-1.02570433117515,-1.16293019482284,2.03584250007268,-1.21328908259222,-64.0238415071566,-2.01563583031377,-39.4263890300821,-0.152247661677713,1.5839051282842,-0.552946976081764,,-0.0752905837387093,-1.08517935789646,0.17500840014652,-1.06534333753901
353,1.34941334909546,2.05930130142928,4.19762546698248,2.3895601199704,3.52519069865627,-11.2626562466493,51.4756416019547,-0.656426387340162,23.3352019727144,-0.672902378738053,5.92071964831795,-1.09290344298182,,0.349709475682403,3.19700577742607,0.105277650697213,0.551190003654363
366,1.30902798697264,-0.846896235111814,-2.82053073760734,-1.52042747847566,-5.28778265221705,6.03672690246159,-46.22831744361,-0.977366513781726,-37.0937900286017,0.0341563001035942,-40.527324337878,-0.171452836606924,,0.746204790800197,8.85358308143493,2.0452221049815,-0.913878991946205
37,1.16133261034369,-1.08157928203401,-1.00222889026228,-0.353956799965712,3.84823985783736,4.8122554815506,-7.86886778869737,0.582615908421111,-14.7452974255044,-0.331962296716419,17.4837519654286,0.727450289923772,0.0182799267132516,-0.108538425623362,1.81124479449476,0.921691986237129,-0.00444415366200228
378,1.83057939032877,-0.117656462852803,1.78139158363702,1.17256821326828,5.43924755565796,-2.78968205822544,-44.3258616094112,-1.06939423433717,22.5111451037537,0.735836577894617,38.2336806365741,1.24581958629369,,0.016608487412179,-4.91028931193825,-0.822324828852797,-0.559149297409798
40,1.54722021142788,-1.71881935276892,-1.91562391068895,-2.36935106800747,-8.77516951881539,7.79946014792807,-35.263916334184,-0.70433494384472,-35.4056016819726,-0.0854429324781083,-5.99273767887442,0.582497764389009,,0.110111494858496,1.67505882787083,-0.0725649291075819,-0.916083797610049
405,-0.256064639026147,1.25078710239353,1.40327117272923,0.54683831333486,-1.17541154402386,5.68654578011424,19.3269981094913,1.78633225173884,-3.37132719555789,-0.625138774718303,24.1538266727135,1.14935455324835,,-0.259736923299784,7.54477323141942,1.67136130143856,0.6943442078278
409,0.287617802421321,0.927766684203277,-1.19483057442064,-1.34646622333705,4.97694277382597,-4.3889858918554,-28.9569614404734,-0.969239478484449,27.9141502175637,0.102999444451036,7.8959378602139,1.25577698529635,,-0.0987573444603272,-6.68426208979148,-0.988078958414301,-0.0591524780087476
410,-0.54071014309948,0.601811239849078,0.701633191850448,-0.649386020236843,2.47579937736198,8.71155613567814,12.6691353820424,1.98044693808382,17.7026233356615,0.0789948193838544,-13.399684668218,0.185126258181387,0.00292211620829912,-0.253157779142563,4.74330409526684,0.939150721311743,0.587534162514921
424,-0.96588131474043,1.75760707129577,1.60983398758317,6.46680536619455,3.43557003096051,-8.31136229708046,-11.6651472707292,-1.23169000294206,-1.04850159776821,-0.0549504544658317,24.0958122818262,-0.770838140696155,,-0.383915168239456,-4.20380371187837,-0.543371993399404,-0.144710790367286
428,0.869394322254451,2.31683037253337,3.32698660377316,1.60876572750238,-2.20903591457988,-14.0480424353383,0.400851394292403,-1.40209618647157,-11.5616250392343,-0.526366480080488,29.5813851868082,-2.45914123339083,,-0.0990444168411722,-5.46266818952358,-0.662642280887049,-0.064661996192171
43,2.47961896356207,2.25496737302433,1.7461280286144,1.04911779581027,-1.98102232826908,-10.7314472379125,-46.0274269852485,-1.90486739473912,-0.490712736001414,-0.803443830152191,5.9840688761369,-0.255117800053416,,-0.279833722486597,-5.21505685462076,-1.43567012175069,-0.786714790554354
435,-1.29559960014485,2.71679184689425,3.36032993348686,1.59419450575527,4.38761840695291,-1.74596745255466,-18.3375155589023,-0.662738882438589,15.1651285152127,-1.02828849051091,24.9078221866831,0.85864220996656,,-0.154468174026571,-5.62495355902594,-0.539944667013361,-0.0165481897328698
440,0.527490930298193,-4.13472290739226,-2.73310039641902,-2.2379420464073,-5.92846820252618,-6.38171530006256,21.8806833858872,0.00426668189049588,3.87955395612361,0.0545990725739819,2.88903695913936,0.433142631992964,0.00260686710688191,-0.131991856327865,7.37729308016274,1.76990869033498,0.552917219415406
445,1.15785857959966,4.05851042255131,6.21149682136549,3.32817072802337,-6.32103208839814,25.6569025484394,5.56943485445591,3.77063448491703,25.3476329744976,0.146769703673706,-3.77807206410718,0.249927356949128,-0.0959173541247085,-0.0742558014815916,-0.908618724981632,0.00633665409719512,0.276697204700212
447,0.500158139460378,1.38074953350221,2.19171607261862,1.01608117497396,10.0890011671045,-23.9944799130611,69.6300906872366,-1.9739399048143,8.92029408665415,-0.0472194398039798,13.848671674746,-2.94563127055311,,0.204425029691111,-5.83720502401468,-1.26618789876448,0.2678485668764
45,-0.169798297326764,2.54210423301536,-1.69224737915305,-0.688047839106476,-11.9707921871176,-9.30145600215675,60.5722963116007,0.249761982217894,16.3558134427607,0.541707663734827,9.49103906383194,-0.0364634336481417,,-0.188770334551256,-2.14994923274535,-0.0370286860239763,0.997940196718186
457,-0.97292285269589,3.04620953164061,4.49939872869625,1.82371205339505,0.53121803917447,3.59482370867065,46.5586748212113,1.36153654848656,17.1101053596396,-1.02190988872901,18.5885884145717,1.02936763584612,,-0.212926426500716,-0.736493494194013,0.362392593466932,0.719563539379108
46,1.46246771890993,8.0683406485689,8.26024971896935,7.03616345641966,-10.0886408616455,-6.52331304864856,-35.3911601584266,-1.91502998890188,-12.1281901485668,-0.0184144895137407,17.0467673846361,-2.15543855584798,,0.0100395700816856,-2.61295547958452,-0.563140792383047,-1.11982982206785
462,1.01448699527325,-1.88511328068825,-0.0686912781238025,-0.0677323699215899,-0.537512154286906,8.88771691697615,29.1856581548103,2.21209298388105,25.6807154391391,0.443013776173987,-26.9178730552185,0.376340362630343,,-0.0246574044177626,-2.04399710563438,-0.56988149873435,0.652060019786843
465,-1.22628518013299,3.51584239389068,2.4339753779425,1.07755564037429,3.47837919872746,3.92535632847169,-26.9130937792575,0.569238031853629,26.6152634076112,0.512429877087272,19.8951807465077,0.762885894860939,0.00421155461271357,0.269127442467598,2.04216840128035,0.19253050167422,0.0105864240126611
468,1.30427044161026,-3.07799248823717,-1.51583935104057,-1.00902846070314,8.13275238959104,7.78309687359926,-57.8771441770222,-0.963777645999769,-51.6698139283349,0.368084334662108,6.06598894291076,2.01178542687641,,-0.0661768441329467,5.95471403794746,1.42147064891063,-0.678365191023773
472,2.16040372585924,-1.31444706162496,0.241229431305427,-0.151351487540129,15.3773236543328,16.0261749018195,-34.2715586351632,0.869482730284835,-16.95238989633,-0.0133369440356207,7.55257364737241,1.15081446295964,0.0166344063147173,0.00481435902450289,2.23946608626214,0.124106120367828,-0.396951611853324
473,-1.51660836395086,-0.61399365361098,-2.24592311434088,-2.51873894890003,-4.11358726274148,-11.7409137054184,68.5696102246114,0.108953043750013,-18.0863419701822,-0.783218480602725,-11.9107844167439,-1.83587082022737,,-0.564531648017144,1.06523330149663,0.754007231610561,0.608749892664155
483,-0.311780393489834,-0.399315203235941,-4.5526386391522,-3.8979845762756,-11.0629309078656,-6.51590689980649,-24.475191036958,-0.943896597514632,-25.3135599515084,0.336921686534239,-27.5553799591597,-0.740870738151135,,0.113064485609902,1.83155055338832,0.883409183432384,-0.286238305843325
488,1.0304308163188,4.0674353736089,2.2749808385553,1.87897649461753,-5.80348757750613,-7.48530189976107,0.797107655407822,-0.808443760563586,-20.4320588812885,-0.331907211165475,-9.31541290639247,-2.06430596230477,,-0.147769653940651,-2.03553330285979,0.000913058150142,-0.361307061353398
489,-1.26350846823249,2.24951118807131,0.145744878536236,0.691488816681024,7.68804945325137,7.43280250857748,-2.70418299461843,0.9057418598602,-39.0757747502984,0.10500020340508,-4.9764162059605,-0.717188893648998,,0.0799539532376502,6.86478932368649,1.39161144672958,-0.365950772252112
49,0.530975144239837,-0.689358296930507,0.449695814309955,0.85469628952688,-3.99652542424444,2.65326460440596,-26.5279746503066,-0.161714420271005,1.43925013314642,0.641566445125649,3.1989409083744,1.08067700173769,,-0.44348109616661,8.45898368969927,1.75434871681729,-0.292305289573433
491,0.870537587730624,2.67424983446953,0.686639628489805,1.25033630010528,-1.67475385703282,5.09753768676665,11.4210170297839,1.61803029423459,18.6818524838897,0.535180111017446,26.4617046293413,1.38384909249887,-0.00140158678227316,0.0213428907982062,0.48833167590862,0.553890374949965,0.72805586897437
5,-2.08312907406916,0.121505661435227,1.90107516450457,0.871520841239122,-3.97669465183882,-6.41802859492016,45.7454586531568,-0.161237802060046,-20.1453187648262,0.166832620603864,26.4007742215874,-1.0799572240104,,0.221905183456595,-3.79269912034196,-0.133455095540995,0.356806257883462
50,-0.510019963020046,-3.39501230831212,-3.01759014782098,-1.7054072319999,11.9072701072882,-3.27760220639216,75.2022775971804,2.08438956577824,5.05507918434783,-0.0558302736378238,-24.2380661104623,1.2448729353142,-0.00256910132857728,0.309542100038443,4.36873332228724,-0.0509868599373703,1.44058430654372
508,0.161626296941542,-2.39918398477683,-4.36673639747823,-1.22757913102758,8.57927188777029,11.5025872476037,12.8855941140453,2.22319430074597,11.5966284757968,-0.0457720011864838,-8.12383999312091,1.13361173260921,0.00195088158505911,-0.159929706615283,0.811426536777762,0.597421919901779,0.171090837890784
51,-0.3193261797293,1.88309124068235,-0.00792670406882947,0.887664739056316,-14.3032568382834,-14.9701472445771,135.277199866853,-0.430810905746828,8.49762274706036,-0.632095286408435,8.04965946991888,-1.56712909540933,0.0262179578607943,-0.0134177180079803,-4.70293481593764,-1.00484885953766,1.40677747223367
515,1.57153264413918,-3.88558410523372,-2.78703042311456,-2.4826326555661,16.0409962377448,6.9977726222353,28.7393285413977,2.42757170483476,26.373137541088,-0.00249466793209248,6.48375586475376,1.31426402794181,-0.000685372324561166,-0.0863361719595642,2.05376303691459,-0.192227656800342,0.753237692179627
52,0.846401346113026,-2.80744366643431,-2.42071219560646,-2.71816845685218,-1.04285312553993,-15.3824143340975,-16.0310781343925,-2.27062620110414,-31.5001107784995,0.103150092465134,-33.677943713355,-4.16716707612394,0.00115144370996839,0.186486421102947,-12.3017823730184,-2.08935629669443,-1.01011583910196
522,0.341995799632169,-1.73596411086396,-4.7254146133905,-3.21055068225544,1.33036774517799,-7.77960012343728,15.2388967535872,-1.27303840485823,17.3234600810224,0.208217849235816,0.856259360380657,0.803176641332712,0.0186111719516716,0.137328107198463,-3.447089897001,-0.329788408713661,0.246992850406095
526,0.6446612043416,2.16446365446957,0.869125492754834,2.06663486061003,-11.231830687483,-19.0807814533231,58.3887438380252,-1.09423747707975,-13.879545469355,-0.556636243892447,3.61445538385432,-1.48903787705773,,0.458018242623692,-8.08334237649335,-1.44571236577264,0.342849574503479
533,1.99117507114425,-2.36187187451012,-3.34448504672958,-2.18524244112258,4.89501426711133,13.0268944780212,-47.0355227088893,0.38630410388727,-24.3121908483976,1.11734427404024,-5.41724516594635,1.87459531668263,-0.00307865607887234,-0.147725902721432,1.5551544372743,0.0663914095866494,-0.407232561062931
543,1.79430542149445,1.21552790941583,-0.861809006480297,1.01081335554486,10.9233199153204,19.0672628498097,-58.5383459880357,0.852089385603927,-4.95806742762528,-0.336421480038299,11.6347576220027,2.00610420818359,,0.14992385390187,3.16873944056534,-0.108347183607803,-0.603588096653997
546,0.148857859533292,3.88209924573892,2.68227889935123,1.51600736265084,-4.03650643769698,14.1344435501663,-22.4906905962597,1.17572344668625,34.3246550763598,0.281995751783722,-8.55327119793123,0.976627664692265,,0.107653306475273,0.495727657284139,0.331232869011665,-0.252486924161836
548,-1.42863172603852,-1.82533754044423,-3.52377636840726,-3.22659961451009,16.1752255821762,-3.96563932723164,52.3550874590854,0.823082144577209,28.6334097483062,0.43645764939395,-43.4236639776767,0.882976117583855,,0.100703477332294,-2.95830783012169,-0.438644711474071,1.34189695317088
549,-1.53403622289546,0.0159413509456947,-2.01417795698604,0.133497397446042,-7.38284550841444,4.18819028390199,-14.0480984325142,1.04719531097336,-16.5140054405896,0.551001165308738,-16.4137336746695,-0.346753833900925,0.00923454562958045,-0.107898667995021,4.69233445866583,0.799335194588774,-0.207845652740697
55,-1.07893944258829,0.154384437965495,-1.70241404261154,-1.17639559260309,-1.28843172420499,23.6135470999336,-7.71870635607673,2.75082651383992,14.4649259966657,0.589301268483854,15.0801318058059,0.55517958147984,,0.0467360782324516,9.18294505552976,1.28954560762787,0.045687934293266
56,-1.02034716723481,-2.75630466898383,-1.94571929117409,-0.766083506166214,3.35402181868254,6.01091547591697,-26.7321109843698,0.0667255390143509,1.6756404115125,-0.67786888405815,14.1422090719295,0.851270704042364,,-0.252386265984379,-3.15096473487206,-0.52433515304806,-0.200633646605762
560,1.09372307000314,-1.27123920840476,-4.36951545883394,-2.74393452280493,7.41732990507393,-7.13718397035812,96.6657291740217,1.21771149256252,4.03550811803987,1.12673815301026,-9.03766786198561,-1.18303303103585,,-0.348500480337971,2.81650315656725,0.344214525772786,1.25169858508333
562,0.404248840025349,-2.9117959568531,-2.27366366942702,-2.5832323376605,12.8770782123062,10.2143032992883,6.74225204357255,2.07653815903087,27.1835626862436,0.0660499202904635,6.45084679567807,1.74039921227044,,0.090520397342254,0.87032459332263,0.0367094285781386,0.551259539838374
564,-0.64206384224474,0.860844264696339,1.47929231623945,0.71104866185961,0.161685934150408,-7.3952985090048,30.8415812973043,-0.633385417986733,8.36810072703577,-0.210334488657212,4.46066217721215,-0.818062263194558,,-0.476003863863234,6.15516225359375,1.28129591861312,0.061138120618923
565,1.23678395451887,1.35004984387583,2.13213353790363,0.560094430256387,-4.95059187904335,-7.36281605913437,-28.8519384886712,-1.53951824773009,-34.9221807785381,0.0268788036337843,-4.6154738988502,-1.50033804512968,,0.103071153799372,1.3180643005111,0.824576061544196,-0.485042874218006
567,1.79764872834097,3.86195128804758,3.39114856860611,2.60407212755441,2.72597499128464,0.220364280920968,25.1306680085373,0.559648167878047,10.3355951760135,-0.45586693928364,-29.8427024200751,1.39043285945827,0.00113105435586206,-0.0601788640408517,-3.07470301000386,-0.267849773777204,0.594255504355313
57,0.31022060970478,2.64564597543671,2.5175064312319,1.58443574178959,8.51947781574373,4.38099374874159,1.94246396377493,0.600860981094824,6.47364135081444,0.550593040229472,5.13971645718108,0.121374022542254,,0.107548120432402,-5.52609228137991,-1.07047209782162,-0.11900038925508
570,0.499467822092959,6.1283451812699,6.66711981248359,6.31845891420113,4.76046403811554,16.3568116864573,-58.1960917304893,0.0618423009038318,-8.16612674732767,-0.127941017518066,12.330808477401,-0.883560651884363,0.00310981119488311,0.0625207193660129,-1.00929211335041,-0.756756105160599,-0.986918034053449
575,0.248910390153207,-0.927650006846939,-5.85481178403036,-4.54321563693742,7.23274469866992,1.60873200186188,10.4302158690992,0.667252223091477,-10.7950526031844,-0.531887587561097,-30.3303863173631,1.51344120327067,,-0.132042767477318,-1.96496939389008,-1.03147647607685,0.382189988176709
577,-1.17237363174278,-2.21582401366765,-4.6707538314755,-2.62297749719521,8.26524879188337,-6.01600977743336,50.9712511004321,0.434889115089138,-8.54303466219865,-0.207838820317674,14.9623162783749,-0.0377411918269423,0.0116239123910781,-0.230618347554982,-1.76180777436599,-0.638548329371613,0.482643295009999
58,-0.745077673284249,5.73326274654048,2.90763811598409,2.40963209487133,-13.7121482988664,-13.1487811500394,-6.73983763716023,-2.06672997404682,-4.66025026862156,0.0471362589621428,14.8552565405694,-1.75821957481622,,0.052407546221097,1.72272801379265,0.30939793438762,-0.644131855327845
582,-1.24678982707844,-1.00520080750582,-0.507108129710007,-0.74233596287363,-6.35297811040432,-3.76142552920378,-46.1871988615769,-1.73112447941212,-19.0991843700639,1.59011633885039,21.0478007342199,-0.713647097255452,,-0.0719572074459066,6.74069843937911,1.80920499048622,-0.829854329240357
584,0.246788840302111,-1.35142239919142,0.0347955497709274,-0.0689186786549873,-0.338526716813837,-12.324246640726,48.032071628254,0.0191972279538857,-22.5006347479498,-0.193250383131842,3.25338936619605,-1.60839749631025,,-0.100240713710878,0.43517992622682,0.126807842151115,0.460751175900889
587,-0.0735770844089115,-1.25369793375105,-0.716650762591464,-2.40245808260884,-3.3397408521191,-19.2655450747415,62.0836621740533,-2.02989339279512,-7.14430306800926,-1.47899866609098,-6.24779080914108,-1.38500350089083,,-0.429493611421447,2.75548406258429,0.644898439688593,0.692827636220733
592,1.61073556342464,0.957909650842791,-0.902587238585741,-0.434194027899049,-9.98182324376273,-14.8697457297628,88.8443595182755,-0.522697103167739,-23.2603098159856,-0.224629092542648,-16.9272804593741,-0.534011009860382,,-0.0503148205728473,0.104204280006746,0.734425043288023,0.908374321359171
6,-0.395577082311021,2.49149244277481,4.63570953328863,4.15150862027667,-2.68984000900031,-13.5639391824693,17.762438988017,-1.74384123091086,6.30771365519943,-0.412252347628505,-3.28556412282949,-3.28280312408141,,0.422223514810459,-4.02399176074432,-0.546796845708655,-0.604717073321801
601,2.03421701329647,-0.613790810966985,-0.780041471817738,-1.44947084752632,9.8601478493422,-0.662595936046451,-14.2397559470187,-0.761940402492089,-36.6174237291347,-0.11715883397683,-47.392174861833,-0.968573258790668,,-0.122026385215472,1.69782495269572,0.647900565487653,-0.481831626203069
603,-0.397907363935316,-0.0918421151150913,1.05309377632404,0.998575462150615,-0.77762077316408,-3.79842565358061,-31.4345396608037,-1.69617013170445,-23.2728483171961,-0.329240485926502,-39.0866590485592,0.135336644488116,,0.442721150465254,-3.41686557792181,-0.145727133214458,-0.530588125406146
61,-1.58919198427368,-2.39774603209114,-2.90750006142519,-0.599622309296282,8.00642487741038,13.9607642626272,-31.3046143770361,1.47177531796232,14.7845905599966,0.722997094082699,30.7336257578484,1.87800766178205,,0.220096492699819,6.33311129059254,0.326435876682605,-0.0640967499607291
629,-0.425578560189085,-4.73057781497165,-5.48846075029018,-4.95522273002706,-1.37881972123597,13.8991990676509,33.1508318912404,4.84844168035799,13.3178600267262,0.0974352585825121,18.1774036036369,0.661769539551194,0.00454541207609744,0.113304538664951,4.50277480001257,0.881331789632736,0.809154701545158
639,0.246865158880341,-3.94184091230736,-3.17369288980557,-3.07590582060685,6.48448499497364,4.7496771632772,46.7897127987261,2.28147322954122,3.69109611583153,0.48574198335186,-8.33588779639348,1.69845622824261,,0.129678421805191,-0.606593639454528,-0.188583559117707,1.13682153295825
65,0.0233339223849748,0.343422828632416,0.26682672808686,0.314209119973028,-5.16442664453357,-1.39697696927006,30.6401957292418,1.36890928922559,-12.2112034802666,0.0747012908556613,9.72128485451459,-0.457649035275656,0.0560252177096992,0.939393536645122,-0.385752912279057,-0.737819091957178,0.369140882715087
652,1.78757884884047,-2.04326990340659,-1.07909268956254,-1.78761166240875,6.99709152865827,-9.4000488526683,-1.92829613741265,-1.17798173404304,-17.1567313471911,-0.301440835286921,10.2693149423831,-1.33673420004979,,-0.33648451266666,2.46028391626006,0.723961479323127,-0.136108573930154
653,-1.61474687514789,-1.61489653133559,-2.54570792150491,-2.125642985499,-4.829706929932,-17.0603389165478,203.848125927404,0.330118052872212,-8.38027451213986,-0.023870291063518,13.6688474792619,-2.1236123525548,,-0.14263558216076,-4.30112131800453,-0.828819022781651,2.09096987034079
66,0.536806741409133,4.80516627470844,5.18619747727094,4.52355574685032,-3.54286364239869,-7.41345663223603,6.36245988863968,-0.283027266090611,18.1806991138602,0.099788927448568,10.5387102116874,-2.19026018448381,,0.156347741603427,-8.76877412452445,-1.70921973042653,-0.616024408619158
662,1.37097938091006,-2.43575530416185,-1.15678002838255,-0.211826584093192,0.352308144331005,7.18100880703506,6.46269966398442,2.12996490007863,26.6656007169389,-0.111214153773592,-9.24160446795339,0.638126905386479,,-0.0952514455158033,3.23906895217608,-0.168260989807178,0.51939089334788
67,1.59396554152628,12.5225861619782,,,-7.51818119228426,16.3977091186069,-47.7012064647,0.569301278351835,12.7802232257044,-0.35404572326243,19.3872467547169,0.974026812796003,,-0.185912861972035,-1.58790908574851,0.304852318427315,-0.744638010950381
670,-0.0883057712460634,-0.217146828742807,-1.68929326489387,-0.015185043488111,5.39859564269878,11.6244879848138,-23.4435580420187,0.95058877486693,-19.186182650778,0.551535669202847,14.910713714501,-0.236967319642854,,-0.023995374104748,-2.29314937531393,-0.37354581247609,-0.425080904071367
673,0.974528412605595,3.32228354858408,2.17902837545991,3.79250347494557,-11.9413102467427,-1.76091844627015,-48.9381456376931,-2.13486018772908,15.9766939699688,-0.496461854560016,-22.4296298299997,-0.368852555095068,,0.0184578827328722,-12.4772626047533,-1.53141541463791,-1.03309992349232
676,-0.537717213983402,-3.77410465269903,-2.77134004967378,-3.95979843636344,22.4663761068836,-3.82011971501521,-12.4357525407597,-0.370800633564619,5.23952677555925,0.505955214299159,8.01254111405748,0.579481371392468,0.0128961519925302,0.187988526691888,-6.7625575869045,-0.744682744559414,0.0249751324633814
678,-0.0247739001135357,-1.41853927196142,-2.55522092641317,-1.71824506050583,-0.739551626865954,5.21051107707153,3.84995852739724,0.768422502161277,18.3351772929748,0.134881432372676,3.57424215511934,0.914413816414404,,0.0185147635050699,-4.86619023626201,-1.24157623843672,0.145257438994555
68,0.753276605347578,-3.60870404612528,-2.6561449006498,-2.54133668075933,12.6248827958129,2.7317219770124,-58.8003858576181,-0.870761481513044,-6.29983193780831,0.501584255020157,-43.515885515616,1.35947804945736,,-0.315721451404774,-1.32804557851786,-0.109275094838093,-0.741778892569455
681,-1.08614253997704,6.77647384019815,6.87024349519997,6.25529616402298,-15.2510927347848,-3.45514053587937,-27.7921761167761,-0.830922490753474,20.1577480881058,-0.105662485547138,27.9280632984464,-1.37371814694624,,0.0397156047921225,1.6543583530306,0.144580646099939,-0.516546628096937
691,0.0991330019599787,-0.71861957513891,-0.208373772650295,-1.20610974542991,0.517127729184771,18.2928745916602,26.7402633672986,3.95575797895567,20.8084888859128,0.677093175367106,5.67291458538909,0.97128101571168,,-0.0400066853043063,2.88234129017152,0.370924143816693,0.983451268090237
697,1.20630464941119,-1.22652233225763,0.749398916869703,-1.15640693023123,1.51557034598749,10.2099176902803,-2.37941290992978,1.28076677860148,14.5507767643288,0.133813166484983,-27.7372009684503,-1.09776011470682,,-0.0107981160610683,2.77663654885136,0.124294769246616,-0.105186842289879
71,0.721678865921516,1.91188573443253,0.976533890916741,0.505669529062575,1.4171324915979,1.79725677206521,-20.6202775024476,-0.606142326446211,-5.24322371815213,-0.294005545252962,-13.5188735257418,0.151493210882022,,-0.0468650400893487,-4.78589592787494,-1.07723795607507,-0.368871364384997
72,-1.26920898783182,6.06827417553861,4.42474654332859,5.95437803524435,-5.35417847003174,-6.91809480498205,42.8708837264383,-0.506572597452171,-8.04012039876032,-0.275306773656044,-7.75245958356258,-2.34464111595709,,-0.0705663295944175,-0.179104852283447,-0.117077955432526,-0.109039889533123
722,1.06276058134664,-0.649543760565195,-1.83618299442145,-2.08873823448915,0.542449841871198,-4.04848432413537,0.626165090237159,-0.358905442728886,-3.21582340812003,0.249051896090418,2.12529970084188,0.637766594903936,,0.0626844431364446,-1.12662861532991,-0.236592176779831,0.143245642010227
737,0.862019310037092,-3.33940917641527,-2.13157041540883,-1.52015509297353,-1.97561803187848,0.233863092952726,61.5459981108673,1.52431900794791,0.699667410638526,0.147729046853948,7.25765492250351,0.579918069029828,,-0.307745393938783,1.20320877240823,0.359438793850628,0.980034813988583
739,1.86171149134532,-2.16277818913386,-3.54918871762414,-2.59987081673621,4.60097263138026,-5.04262303327824,7.24045330854614,-0.108507782347312,-31.472105356137,-0.250742121981408,-25.4749037565079,-0.566565781894641,0.0202853134132034,0.443783641676892,-4.54033567381841,-1.74097876401123,0.152990271308701
74,-0.590999003973098,4.99310712515608,2.0637445609101,1.7724243414694,7.01743573705531,-5.71680316353466,104.808120184425,1.92993468034452,15.8800204201561,0.117258932880628,-18.2362641399552,0.695606695396163,,-0.219541977602252,-2.34782222201909,-0.916700024838793,1.93530096957274
740,1.4490488868369,2.24086650546831,2.47082770492127,1.95157605085962,0.557611452927793,-8.91609817257615,30.995715413272,0.0801224995565192,9.52365340405038,-0.215229076804531,-47.5661339746326,-0.770803273844489,0.0204874479959415,-0.176318596939942,-2.1392739174743,-0.382795336568145,0.456700618898356
743,0.359198600792557,-0.388015582536707,4.56153077332822,2.70270494505214,-3.91981574842485,6.83202039184041,-24.8799725026784,0.447912137426343,9.42569657835581,-0.220501496235324,18.221818414433,0.453116314864616,,-0.29356915611577,-2.60649545008639,-0.617520312715358,-0.197120395698867
748,-0.944485341739315,-1.04730416913514,-1.27163196014307,-1.54116739242086,4.48768089876519,-3.03071504658119,51.4461654407861,1.23404353866027,18.4122401443304,-0.00317738039861848,-7.900282872053,0.976590997683825,0.00358182090226795,-0.174131543618526,2.64083744726865,0.362289365417396,1.2683970403364
75,1.02548638787826,-0.991194802834861,1.69153239846862,1.00841608025422,10.9994273805834,4.24351627632321,-55.1719944277934,-0.876341408646645,-32.0434761677212,-0.0659066830405147,27.7119355558806,0.75940166198628,,0.0309230213132311,-2.08848012138911,-0.440820574818733,-0.910847970387552
750,0.687328986891853,-2.83110938110428,-0.725039699207639,-0.193365007141157,-0.768299066146194,6.95460776622174,9.7917385010777,1.25359898158139,16.814775453684,0.442290245944904,-16.3333159776889,-0.290520470215772,,-0.488764136508998,3.35941326161113,0.472349128989784,-0.0437956227022211
757,1.31593797712844,9.04203940835492,3.97605315943813,,-11.0900477472689,0.0562684042445974,68.5424150297711,1.46504606522385,11.3834935292701,-0.158086385538211,-0.107250404424112,-1.15278536777339,0.00189122268427303,-0.00658980961717126,-1.90545697154544,-0.693757073381421,0.982437745467689
764,0.932614055177537,0.886649583527185,2.14231409505331,0.899314217812636,-3.82192907543968,-8.22609990678152,21.6367331473208,-0.866928245149168,6.90088970691847,0.335635865898901,0.749334288530157,-0.365778472088006,0.0109491362893081,-0.253059023263445,-6.56255812825171,-0.939629758031185,0.294945311053208
77,-1.15760182809876,-4.05753292966993,-5.83269034317266,-5.40515246362092,19.3045396078752,4.3674084741858,74.079556362959,3.87244952537782,-1.96265474067967,0.0645844972899217,-3.17782563777187,1.04499047850728,,0.0521454264022314,3.23728496687817,1.28270919955361,1.72449093103644
779,0.446144911457577,-2.12978682482882,-1.93578186157235,-1.18197516474094,-4.75330098303162,9.29806536225173,-24.0911370167088,0.221372864172433,8.74904128437325,0.256884328752959,2.60841745280828,1.32461534433339,0.00475485507081682,-0.016181412977463,2.18688514461219,0.562555531252494,-0.0727539522431177
786,-1.07129412613545,-0.786277956015718,-0.807326733814011,0.110999385777092,-0.746708007022816,9.4274520609349,23.1579450601768,1.90355149340549,-0.326781421197808,0.453504316665365,-7.50671439929582,-0.161418011809891,,0.352197810213066,2.75456917481612,0.54468727724461,0.206461321615125
787,-1.23497363218544,-1.99953783178497,-3.25150148063268,-2.29550671891389,-5.62765744686229,-7.05132976105918,-12.5485474467763,-1.12894716396525,14.1666456869126,-0.668832563321568,25.4705796739652,0.378233736944062,0.00579629783404878,-0.361425480971079,1.80917717028119,0.444365209850332,0.0392612716922696
8,-1.63138874828904,-4.41180800497202,-1.56438477220848,-2.1034376592286,3.51344289263983,-0.815599097938224,-35.7551608578594,-1.13293278029076,-8.83437235617259,-0.0919243204453995,25.0619127755376,0.557919579308363,,0.79034888959364,-0.287120415106589,0.387376403625339,-0.322195156641189
80,-0.165694721720238,0.602513493008032,2.93520794755799,3.14705886358603,-4.59374942649293,10.2471719986062,-27.7333967394619,0.764974070168679,3.22407862172961,-0.643124384003079,-0.469753106089997,0.815952076752206,,-0.0245749524270428,2.80439018692984,0.730851258890658,-0.276800197871322
809,1.61014120922525,4.86841176889211,6.67645641990521,6.04247345435543,-7.5496211730455,-10.5594456435945,-13.5358470071124,-1.93162973229321,6.62918648004336,-0.286777940630041,7.80022314950565,-1.59133535915657,,0.199970056865575,-9.25412470675343,-1.7382704485456,-0.870076890290202
81,0.188801976950635,-2.64169008615018,-2.54399324642635,-0.243448332453722,-0.0270626944034395,-8.9790450136294,-16.3509195955794,-1.51989825171465,-27.4224881543343,-0.904763337665225,7.52839755560835,-1.06790670090548,,-0.144972578177404,0.501771418970101,-0.222543326161253,-0.581498852041244
810,-1.25074083393767,-2.67637360960639,-1.59024276354122,-2.29876063334572,9.86774717640417,2.3514246392743,-4.84424989442065,0.804735657503819,17.1846545692164,-0.200106857916275,-30.1288420031263,0.146460148844875,0.0122701693379626,-0.0207412713885898,-2.68402294405451,-0.796404924662191,0.229861341240191
82,0.661591480813836,-4.21977971486148,-6.49673410434442,-3.98326803087137,-6.60419445330046,6.23141194852181,-49.1995038567216,-0.839639781878464,-47.4591220376922,0.10450450413748,-4.32200731984296,0.197744990228848,,0.0512494978487372,2.98678463396596,1.17582648304836,-0.750650172330183
89,-1.96892442734448,-0.889515457554053,-1.72323226766021,-1.59174823699737,0.777891486533779,10.3228148662802,-22.8410574666272,0.353442919330191,-11.6186449642901,0.790117561981691,20.655567476716,1.41380527021132,,0.8337792766427,0.624415291198706,0.161781683466327,-0.203077496765555
9,-0.851146611212313,1.59669397461446,4.80380493992621,1.96648669735896,1.17809400528126,1.86352150411023,9.37646491434328,0.450836387699136,1.30628909787463,0.515005946411968,-11.4227487303996,0.832563092315989,,-0.327488629988424,-2.67008097201119,-0.376998743962492,0.335676101547136
918,-0.819740018812397,-0.349588817694392,-2.76213506371776,-1.84851770524351,-11.1464812809788,21.8760023007026,-18.9145026138405,2.92978598202691,28.9239066781157,0.0553576922023427,20.3459469434252,1.39456567092401,,-0.0496060981278989,-3.03923193369432,0.95861769914654,0.540947274177322
929,1.26814066783617,0.49000132370072,-3.16782567883886,-1.00566868572792,-10.7924165018785,-10.7076276859317,-8.74657170056385,-2.20952098379678,-8.31245635956004,0.456162071435338,-22.1163527104004,-1.6124575902016,,-0.31490234798343,4.6417143571598,1.48908751950103,-0.4246324810182
93,-1.73384102637823,0.957000839798359,2.02969755290778,0.766362480684025,-4.7043576408409,-1.56625480469953,56.5303607368481,0.231999360932937,-34.3055144159808,-0.286268829806775,10.8323797329546,-0.508621391226511,,-0.027083316087211,-1.24569547323799,-0.757377984795053,0.222220673593257
94,-0.831783295586247,0.295054716143401,1.99700624509142,0.116758335349394,-12.2862266683501,-11.5971755076981,10.036952572113,-1.35933560952634,-13.0703999159255,-0.28754103814429,15.9302918928533,-1.47336430486796,0.00701998652257518,-0.0274974555368042,-1.795246203391,0.285533553333444,-0.363049877864751
95,-1.39397146639843,-0.379823599167446,-0.952158101958709,-1.00256011817899,4.11608191954782,-2.89992616687314,33.5657260186141,0.416974538642526,13.4175291841102,0.0683672656916056,14.391382596012,-0.665318633484728,,1.31487825686338,5.44982348248638,1.49237930895531,0.451425180602217
950,-1.66902876854664,-0.937260208092213,-0.181361022808921,-0.10656733392832,9.35414515150325,-7.35813191412357,-1.6736825193003,-1.41191358007832,-15.5331951159917,-0.0593762669929949,14.9528264978523,-0.294462537255216,,-0.0103775403285887,-2.00862876061558,-0.458526858089524,-0.349476377860415
953,-0.687035618451931,0.772876709444502,-0.551219077195364,0.300749903067688,-11.4244578081346,-5.10118145145278,15.8112647265315,-0.722485087392076,3.6563052576645,0.220530109340901,2.35765819139692,-0.637939824849996,0.00841143202511208,0.0580749913529327,-0.142592718351485,-0.167147117156137,0.182847330174961
97,-0.511522054916515,-3.32152975454687,-1.39684114349079,-2.16240152239647,-3.43646482373309,3.69062474775891,-1.60412337705808,1.02950797637509,13.2776208613918,-0.23638904529992,24.3910431151624,0.624185567727305,,0.0889809621136776,4.96686040776822,0.904865937693526,0.225138292816689
997,1.17095657506421,-2.9686888398946,-2.20506969250179,-1.46811744647886,7.50059530569016,9.63927947421848,-30.0960139403104,0.511182668761353,12.7073988970988,-0.0229075595387243,-11.5785852687001,0.326817060362306,,1.13586110954794,-5.20389325484671,-0.89714151978813,-0.304905258350415
ACW_25358,-0.0369656417615124,-1.32061659994557,-3.87321361661238,-3.00704071300079,-4.31805643785561,-3.97609537584361,-2.9724772575784,-0.444064681690437,-5.35799271022477,-0.0593951076922816,4.76676512175322,-0.133347082830062,,0.080037320614684,-2.49928289204022,-0.422793814202432,0.118521290505402
ACW_25363,-0.843159388188822,-0.983185347651289,-2.18673326249998,-2.51558447744811,10.7069938126776,-8.36905962456988,8.67576904469135,-0.960447858361943,9.97035746817708,-0.375103839360256,-41.5817953539254,0.0707241955620582,0.0039916650245323,-0.0821799619026921,1.12036145542044,0.143937200176612,0.256740270784501
ACW_25365,1.09318328251489,4.34076210400018,4.04929582906461,2.49539847003962,-15.9797855915271,-16.4839183037047,9.82520611545011,-1.78883087369506,-11.7128646178716,-0.287618620778086,2.8914370169184,0.105238078994059,0.000859579253949951,-0.0337959432309437,-3.78287744972204,-1.20242438544996,0.621739826811373
ACW_25366,0.710964425614275,0.811953214979866,0.129410535313012,-0.271284428333791,-2.96020128487641,-6.89847341274456,12.2111344611832,-0.391455054250159,-2.56933639605435,-0.0379553076311306,16.269809949865,-0.78440816185689,,0.0939069969998565,-3.13040828778539,-1.36097648714383,0.287809952130333
ACW_25368,-0.264932182657869,1.34952201279561,2.50701341888749,1.83866743824484,-6.84607896874925,-5.31442767828463,-11.6006393732743,-1.0338116050667,11.5587052628469,-0.00605615653353408,4.93302392459676,-1.40977232434452,,0.062680466877226,-0.611658568421172,0.0848882026409717,-0.398823660126361
ACW_25371,-0.210203825341835,1.47858503212474,-0.118970756769722,-1.62183374582832,0.477527674238057,6.4705179978534,-19.9063538463563,0.0787826979384705,-6.05879219344711,-0.0472217377748712,22.3919895509728,0.607509631751213,0.00128881113865829,0.230803096076164,0.53745329163031,-0.248433441848166,-0.19087553348576
ACW_25372,-0.413404814285454,1.52456113947517,0.286617075240015,2.75441473651854,-4.43217889717418,-7.60257057181149,-10.1757727209204,-0.893628468502132,5.16021140657895,-0.175927685103257,10.4647360214337,-0.0123322687040822,,0.160536134905552,-1.18168319684787,-0.472040916383292,0.384539341413034
ACW_25375,-0.489664282184008,0.0498055983984694,0.220595457209382,-0.696286997947276,-8.37887893835055,4.23868620038418,-5.12950869937915,0.37580168155241,12.1498908694633,0.286621552863246,-5.51541714954453,0.46776936240353,,0.083646858422796,7.42643014358723,1.52460007779144,-0.163028499485772
ACW_25454,0.468685525882659,-0.167111943602156,0.296000515268254,1.22218753757951,4.22623995909508,17.0444306382121,-48.6621816083001,0.575604515669229,7.66088228451535,0.562570994242175,2.08029761435695,0.799144412974211,,-0.14819432782954,0.861730828026894,-0.219552129883579,-0.707944840359006
ACW_25469,0.0131523078939043,0.209359019359806,-1.66476590094942,-1.10953823768659,6.70318901899393,2.00084657412555,-49.6268943679038,-1.65824064394949,4.18101951911354,-1.20542760883524,7.93048490398876,1.01206918125683,,-0.29733261986302,-3.5566778471711,-1.05910079702772,-0.862755825428009
ACW_25580,-1.25489200856721,-0.657614091077354,0.796373051541818,-0.160965655976948,1.59859341084905,-0.0207323049747109,22.497399590277,1.68648896109632,18.4309570193357,-0.0769768231485857,-3.6830098543473,0.330662258472944,,0.198823976966368,2.9511472352806,-0.151975306192236,1.00143363729416
ACW_25581,-1.49627221748641,-0.340036150222668,-0.711796415826571,-0.274887810979627,-3.41537632291948,-2.17722845086577,24.5100313739309,0.889970189185089,4.08679584228812,-0.200229884002009,15.0077917403492,-0.104488460670846,,0.195829530591026,4.39697490321705,0.487172873995341,0.636247379692479
ACW_25584,0.218824585139698,0.31423943827141,-1.73648371080285,0.54529958948084,-6.08318799015297,-8.29999115972804,41.6640438677134,-0.108066958455449,-6.28183790754096,-0.157352755525436,-27.3350413162871,-0.963495717256014,,0.979994920395799,-2.98133051035986,-0.850036460944708,0.414593940455248
ACW_25586,-0.964681408269891,1.36027913959275,4.39095459396683,2.26744293387779,-11.751829906041,0.199397369537081,18.4758478650961,1.27232071624056,-14.5754903708826,0.121008985569646,19.1692150198147,0.223173460449216,0.00556213791277082,-0.203620750757722,-0.945094565954719,-0.714272429668881,0.658790151198209
ACW_25591,-0.669507863942652,-3.48025535606668,-4.72831341853182,-2.3378604571608,2.19353193891818,-5.9311191903823,55.4600338323846,1.59477618503222,-2.10478193016798,-1.18564513040239,-17.5227776915369,0.588690864511463,,0.160915875070269,2.12054989892637,0.0751567392049295,1.34713605091105
ACW_25592,-0.956665588495694,-1.23595276973961,-1.0056184498916,-0.0234154411920991,-10.2515748903113,1.19263180086158,9.13231678830613,-0.0547465909100567,3.64617295026323,-0.254891780137869,-11.261069430333,-0.764600940946673,,0.141714048679839,-2.48886342927155,-1.02228081591033,0.389293046023943
ACW_25607,0.02728769003544,0.967074031211265,1.87877852268369,2.0078753715205,-8.56487247138249,12.992092375303,-18.1328803671154,1.67352069791957,2.88035512975433,-0.268296669905441,11.2702272678495,0.0206284990214565,,0.113309201611545,4.48887847565756,0.0842421606988656,-0.362620588008646
ACW_25619,-0.323402962961582,-3.01909245592083,-1.63165479268193,-0.786358416669249,7.3852318698428,9.7885173807039,-26.2485004328064,0.655947223569726,-5.92910683951208,-0.457891337415985,-6.03589909837727,0.568428828880622,0.00412241323065965,0.00680872316970636,1.70375217666153,0.6248353205817,-0.15427475222968
ACW_25622,0.0530921862516074,0.0591461005654016,-0.424855385581281,1.00616237408774,1.12698662811274,20.2118925126784,-21.8750011386144,2.92710962418955,5.19099119676889,-0.739265968903778,0.0744791830223262,0.151744047708507,,0.0590403000254653,11.091496429104,1.46598006147857,-0.135045696574398
ACW_25628,-0.427518226550232,0.190634123535873,2.84436141732817,2.72933975876967,-12.0746922730435,16.4131989094544,-42.3088894390829,0.0708054274193144,-8.14058796416504,-0.430188384084422,5.90048495880366,0.139853214203796,-0.000273332896825339,-0.120168632449108,-1.16120890907625,-0.412487641562397,-0.638230004041199
DLO_12_066,0.645756533265838,0.439167345335011,1.43443954448377,-0.154593059944508,-3.19488364764196,19.5746915189376,-27.8577959312741,1.65656262946857,6.30007144465456,-0.622494008274963,6.81108546562906,0.964581002454231,,-0.339446635804649,1.84201064750066,-0.315752768006062,-0.146063319371399
DLO_12_084,1.37782265915013,2.61092993147501,1.25707169265127,0.625500085777374,10.4638171577355,-6.49697481433001,16.613908779304,-0.164133305643945,6.18033172747323,0.0463715948208805,9.07954305543033,0.893714668298539,,0.739769340266209,-3.28931386187698,-0.899207705185964,0.537154364633206
DLO_12_120,0.465866456815863,1.07673498641682,-2.65945329661569,-2.2591181417514,-5.49118135753461,-3.50635533282089,14.9113415637348,0.384814300851286,38.2224755275814,-0.440195021714734,17.3126437117147,0.126753406287567,-0.000356664366068019,0.0612754085939134,1.40251412418621,0.179171398048747,0.334304251292526
DLO_12_140,0.996427369831037,0.692466948878036,-0.267418931396712,0.505108507196863,4.98957438324034,10.6301570248558,-23.0483004363836,1.20131659345598,21.4505364912835,0.878190121302762,17.3023881089756,1.4765500938833,,0.0844802509149272,2.46883357106633,-0.479563235877757,-0.0625866088228619
DLO_12_141,0.186678282250888,0.495886491860903,-1.38744398225231,-0.906247305827965,1.58870439814557,-1.2086382406296,25.49684211316,1.31121692853139,17.7949172203254,-0.283008436929252,-29.185435721802,0.401890037368974,0.00172323352115059,0.00231929404759662,2.78195686419869,0.418067605662784,0.445720740635713
DLO_12_162,0.124372858004008,0.197344376680617,-2.9038925595757,-2.57034788670944,-0.397209764808625,6.98565776892311,0.0867795195640735,1.48499608779863,5.83216781501995,-0.0488822458138941,23.8581569443074,0.659964376045074,,0.234637932576516,5.91006779615464,1.25978597514839,0.610843279777505
DLO_12_221,0.257220386816534,2.40793576475932,0.389894373184963,0.122769253818624,-4.22481984285347,-10.370864050903,71.4402138368123,0.571813216777087,37.7272852820571,-0.147196446322371,12.8250888225725,-0.108933154136382,,0.145197458314478,6.87483602994686,2.24688075331063,1.45421301547029
DLO_12_233,0.968912330300635,-0.554055031230719,3.73864243579424,1.14304038634619,11.7470351120491,0.77706160635078,7.22503813124295,0.539004955246132,16.8423634915595,0.391841559551516,32.6387621152791,0.56632986120771,,-0.384197534251317,2.842736041335,0.770606803231661,0.278724946921946
DLO_12_259,0.332225632467688,0.272103085203321,1.57400134126175,0.38874125430213,8.62102902170068,12.4790299581685,0.974861441127808,2.56345205145735,33.2836524244407,-0.0662702551169529,0.0901689305827936,1.63060254391652,0.00322213031508288,0.0428146951336946,6.09213630433044,1.35077350186252,0.243068358226288
DLO_12_289,0.315111275414004,0.0902324037058785,-1.9424115952113,-1.14617188149111,8.45390450866068,-1.0172837465137,48.3762180241684,2.15185264992016,41.5023196697015,-0.0778215069085117,-1.94681035299562,1.11515790299664,,-0.209222815873975,7.63899177880372,1.90201265680713,0.960732734914669
FuGa_015,-0.364373946736076,-0.4146959094922,-2.13077560312736,-1.37656635781372,8.15063390179112,-2.03587943557465,-10.1352280453688,-0.625904789879086,-3.11442767126888,-0.310633092843303,14.3596764598376,0.187004969140101,0.0183751736903792,-0.217755945706032,-1.81283437382214,-0.235096244965014,-0.22448490295209
FuGa_016,-0.209402452119031,-1.07643813932424,-0.109270588305245,0.442327166726372,-8.27708274984464,-4.48418659512075,-16.6254511448228,-1.61174651505812,-45.7104404631598,-0.620221912136431,0.216588974064164,-0.606530686620828,,-0.389085979413813,-0.48929703008999,0.0931862679708853,-0.403162212448483
FuGa_140,-1.72827095374614,-0.33614891747107,4.20695088682194,1.34310753347053,-8.03223949986792,-1.77319215295747,-0.815553307801515,-0.238034668986014,-29.0838106616169,-0.377824188674749,-0.681511293698367,-0.628714693740568,-0.232881649334678,-0.24777716196707,2.01012561814511,0.494136502614638,-0.22983287919135
FuGa_187,0.131843204896444,-1.26781960245162,-0.923395512640493,-0.740132757494547,-7.52470326767263,-6.82431208796547,21.2304673558323,-0.414510934272761,2.71988313089619,0.221443952107169,8.22700502760918,-0.189682372779717,,0.782902396117654,-5.0717850756659,-1.13357054910703,0.539866081745103
FuGa_215,-0.152120720967477,-1.00563394878236,-5.15394619762577,-1.8381019880818,1.31211038106909,-12.1091272581688,26.0559630775724,-0.457002427686808,-5.72046770299153,-0.0740772689018332,3.70154057981675,-0.857322010598741,,1.58880730848453,-4.89810947899807,-1.32155219987728,0.305019022398061
FuGa_217,-1.66902464632273,1.17180635131419,-0.827052287611094,-1.12289892898017,-1.89671977099709,-15.0914847560417,-31.8743388607688,-2.93955064638484,-5.27545387763611,-0.248110478337287,24.81888945197,0.352009450224282,,-0.179650016171986,-5.89495353922024,-1.58973819753317,-0.519531519889146
FuGa_243,0.374676156258068,-1.35618396519607,1.91334985741909,1.72900164827019,-6.79215950716624,13.3493497223084,-28.055309963549,0.249722451700839,0.187702207547845,-0.259662732863253,-8.25849993022322,0.471474055330631,-0.0929775775233005,0.187080417576269,-0.202963997005357,-0.0980073265615209,-0.396074487921202
FuGa_270,0.272519037336315,-1.61340547469984,-2.38195603930292,0.03226975628065,-3.69248766095699,-4.08087355877829,-5.95520472573116,-1.05945110623045,-3.28287695893806,-0.583965660398167,30.7933772335462,0.341059466230835,,-0.314665526175564,-4.5314696320206,-1.15300438055731,-0.230267969035946
FuGa_275,-1.32380831662117,-3.34563833189805,-3.99394040630825,-3.04338505551255,0.732102191491275,-3.28752617812808,33.9682820238109,1.53098577644592,3.17199158563996,-0.0627833770723244,7.7259242274627,0.24339927168683,,0.0996124453508411,-5.74876157976059,-1.22999906144101,0.580469293584089
FuGa_352,-1.57014268667873,-2.49416459674685,-4.22459520710696,-2.53287912621179,7.36057964233924,-7.67608570619759,24.7295161252568,0.220325505117631,-17.0469266389246,-0.169182290013223,7.14011819707375,0.574227210390709,0.00494101700629205,0.164559209585814,-4.67217990156156,-1.37164290912217,0.469803134749642
FuPi_005,-2.0370114922141,1.19738650802407,1.73166716907397,1.87699075574491,-7.44381566370855,16.5672941818007,-9.45311873773236,1.53856171387956,9.9898424982537,-0.381935890477376,-2.69383384336694,0.39968612119095,,-0.467906732526222,-0.440188603286865,-0.630810610443018,-0.174577131214642
FuPi_013,-0.342638074396112,-2.15330315166341,-2.42170214862579,-3.21939032152598,0.352913372841635,-0.836622721155734,28.8533333568841,1.88217811814543,17.0771328298771,-0.43519824746913,25.5887128940931,0.297940605401805,,-0.502158421090447,3.47725481560795,1.16402627511636,0.452411665367578
FuPi_023,-2.06447281038612,-2.48638028338383,-3.32071408710084,0.384261465530832,2.99804819205247,-0.702866955894272,-8.92783898154194,-0.423615725705618,-8.95891210815374,-0.803493809995169,-8.8311274400173,0.56025061811978,,0.272427900160801,-2.18664781423128,-0.649832397029982,-0.0442503833020874
FuPi_052,0.45745526348932,-0.220869563376873,1.00747289953191,1.2178728816975,-2.90907360938557,-1.78859883518085,12.9421220502849,0.424142800992432,25.2923842620281,-0.436447247664565,9.41777844196852,0.298210131928328,0.014820932358261,-0.50520176822144,-3.82870954799267,-1.31386577973747,0.2683333983578
FuPi_054,-0.78050195477856,2.06196427130754,1.52423970176119,1.61228961828433,15.8060113129445,9.55871105388752,37.169488986828,4.06011041775874,27.2242509449375,-0.757998788288447,25.9042333835454,1.07328301939736,,-0.507233803793822,2.16405719828875,-0.165801953923511,0.922296123510952
FuPi_087,-0.298841472288425,1.26506692043916,1.48478490101762,0.889228293864464,-10.8743859091062,-18.7669324474582,34.9045786750508,-1.64590781517753,-11.2289156450694,-0.313170173530234,11.5854502686414,-1.40684281597149,-0.0909252704990347,-0.425155820343708,-3.06354413876881,-0.706356498185328,0.125224366044964
FuPi_097,-0.64763127146616,-1.6402205610318,-2.93671228640588,-1.26281593355427,6.44646637114913,23.498805721688,10.4329875733648,4.36165447317962,23.986748227413,-0.520485611383053,-16.6532588311868,1.05880317178859,0.00797710723119726,-0.419428111384513,3.81831161035387,1.1144171423889,0.306765274103077
FuPi_106,-1.76133245825034,0.349943553670208,0.11601184686181,-0.111727993714867,4.1056415103908,16.9637480428652,34.5273669924332,4.53188405973629,14.5880126347088,0.40184037026064,9.06035438051591,0.284964094807331,,-0.339568231739072,4.38681461699401,0.569989784412979,0.458125800011591
FuPi_107,-2.07113827004766,-0.0396910492858497,-2.17245548792214,-1.58906174597963,4.80744778526652,14.9034618509407,38.8903287717699,4.19536421317619,21.1638167362849,-0.420256630331667,5.4045769406388,0.791287508515684,0.0223267863118538,-0.496219547244754,0.0387088315175162,-0.345624186757399,0.794641095525802
FuPi_114,-1.6464012912478,0.833225199077661,0.963796286179328,0.166791733206466,0.687604076079344,18.6817736044369,-18.5189202366698,1.54644337898116,6.77062606465348,-0.487924915080801,1.33158715878315,0.877078955029475,,0.303454082919885,3.34777897227985,0.530686006011733,-0.248882840440491
GaCr_002,-1.22354202261908,-2.09110651516801,-3.99153658594234,3.78648452307523,8.63468518406245,-19.7301220292932,9.44439529455289,-2.32023938795458,8.86956565119809,-0.420899646815918,2.30663363898116,0.0862424408452964,,0.0444689744021694,-0.632775199486445,-0.0407763438127558,0.284380798388759
GaCr_010,0.68087831911905,-2.82398989775483,-2.48904000554753,-2.61716875234408,11.6832669876292,2.26311744726518,1.50989232691419,1.07494707805975,-15.7572619610354,0.089044875193552,-38.3885038302108,0.356201562107892,,0.903865871538314,-2.19380093801887,-0.624043018520925,0.100642411301247
GaCr_017,0.400349592644826,-1.72290271428391,-0.666367238241304,-0.486074967643938,3.11477007290295,4.89919274270689,11.201872410253,1.08802980389793,16.7990561846149,-0.0166776468057472,-28.7863942157634,-0.518881771359001,,0.147642515329831,-0.745397187799198,-0.0461230839393172,0.185390011111962
GaCr_041,1.67899143906058,-2.32678275668425,-3.12711025176959,-1.7998099881362,6.3829054529076,-5.53147080578868,15.8721096919764,0.524295659101598,18.9853001097397,0.476130796773829,19.1931521187173,0.656972330343131,,1.08312444253099,-4.70909009770488,-1.31439042984996,0.327903840322178
GaCr_043,1.67019353350632,-0.392255658581936,-0.909081824083301,-1.86020429892195,-5.75051534404583,-3.85066285693408,-14.8222834837887,-1.93334914983411,-7.97965285966795,0.29485453965386,-6.44222079875343,0.0722487860424774,,1.03075063589729,-3.18519461627196,0.171123786177648,-0.483434042993227
GaCr_052,-1.3377754191715,-3.79266868336872,-2.57681452260984,-2.48065478466848,6.16067681344927,7.85441874761361,-0.244827409058707,1.41445214233875,-7.08181525055058,-0.120645722676106,-14.0020376902625,-0.11152438944051,,2.35209872023991,-3.80479313505114,-0.935826644390562,0.0938012048322041
GaCr_055,-1.56743179375262,-0.591631894402091,0.720354481635625,-0.656583269143627,3.2139864986232,4.27848799331839,5.25370906902257,0.762699580682307,11.0227806145825,-0.433907563219021,-5.87753921393196,0.0676935381507203,0.00658587665956944,-0.410064352342565,-4.65062787874473,-1.01116509328712,0.24725702010103
GaCr_056,2.21413555982389,1.67046830097917,0.396394246913788,-0.0403418956296852,7.85508160359256,19.8263162469416,-5.45384253102989,3.20217437804345,-5.89337278576596,-0.0730696976404467,-6.91748613365352,0.376902299763156,,-0.0875984386403688,8.18943198896289,2.03350320314179,0.217063779954518
GaCr_057,-1.07087368123808,0.296465343288852,-1.32484000725898,-0.332433812408824,-6.60657643568309,-35.446044710433,2.64396712101776,-4.64917266485959,0.697483577296367,-0.431528936691796,16.2714811066608,-1.40858678659146,0.00146375589852588,0.13721051924324,-5.7459707899373,-0.651076613283774,-0.126731159304006
GaCr_061,0.298101864419561,-2.59044713055412,-2.39621505404058,-1.00087827191784,-8.12125097787903,1.73252611225468,-13.1294872659545,-0.334533376700254,-15.4599418492092,-0.518905953313824,-19.0370834563118,-0.635824535840194,0.113532269974511,0.366216707306018,-0.0797283274713752,-0.0178145419900969,-0.180181918955265
GaPi_007,2.03854515782889,1.55531687957744,-0.521812376791956,-0.410028447375025,4.99033614452644,-17.4637263938649,30.1912283928306,-2.00205519364344,-0.675710862197442,-0.389296681907473,20.9798195123279,0.232304250555198,0.00625445406840308,-0.37495099224693,-5.72701554884316,-0.964681347336968,0.253617137351389
GaPi_014,-1.73985707410482,-1.22688528689413,-0.523103493054492,-1.99600609343251,3.83226887461196,2.94864828501498,-16.4438774837059,-0.178674099752387,-30.7116083894707,1.61544693889277,-3.84279196965987,-0.234174018969093,0.0130717285187106,0.412193056315229,2.46570806843461,0.507367180415992,-0.308972020124559
GaPi_017,0.627009529269899,0.629244111367021,1.26083338074657,-0.912783772855295,3.25221350313522,4.35919763330805,15.0025674024085,1.78706277939922,-7.33446853133338,-0.0341863285674365,-20.2524455459,0.396037263141138,0.00505787088594416,0.132956108170401,-2.38603990001841,-0.867118854078428,0.379098303900591
GaPi_023,-1.08549656805501,1.9698783008056,,,-2.04648418510434,-9.80630889065712,-9.58595256905509,-1.63422498751445,-14.3267429508498,0.344173842245605,-8.86357269588158,0.139704495929191,0.00302163378337113,0.634675084360354,-0.69856167596634,-0.328783898808826,-0.310036058741361
GaPi_028,-0.253240261918445,1.22750519053052,0.876472542850618,0.132446797248329,6.65559583128954,-5.75735522266535,23.6593393466151,0.86231453940236,8.00788465286099,-0.635059443580614,17.0949628272547,-0.400992170725784,0.0103345431901437,-0.448719889387424,-3.01728395840577,-0.815322807761051,0.696898666781403
GaPi_033,1.3282740812369,-0.980262562788882,-1.47347562670536,-1.39809361477698,-1.17284163548682,-6.44509722221616,-26.4408733808056,-1.50080363887628,-24.3818426880917,-0.0967144164499085,-8.44584107185839,-0.230560123386105,0.017233432837946,-0.449184830012524,3.93007623398485,0.980068653973641,-0.388103058240611
GaPi_035,0.623007867697773,-0.203128136136319,0.0293691424145623,-0.474695146158063,-1.13164572899335,8.22417279063589,-62.5910831011431,-2.55265837579399,-32.1545882999197,0.130714262757181,-44.5166478997695,-0.0123941985822309,0.00335433958119093,0.35182730030838,-0.166945046074611,-0.00448879100303786,-1.03880432145796
GaPi_038,-1.56697029318653,2.73537813347057,1.82734053156798,0.435216098751838,0.766523661280456,-7.41265804748583,-13.1637745127572,-1.15270896873153,-12.1401473770539,-0.530529585520462,37.9851568725316,0.223220008185348,0.00319523269400996,-0.380760274711924,4.32972014792788,1.10801225158427,0.0245288856735879
GaPi_051,0.488193373218611,-1.06807134468861,1.40230112032668,-0.742421264930896,-1.84765587496864,1.6838275610088,-15.5413781902141,-0.690954325289526,-6.06948771988089,-0.545843053907115,-21.5933962410733,-0.172403705060661,0.00759562336148985,0.156845825866108,-4.55711793402865,-0.672959276917301,-0.283750780985466
GaPi_056,-1.3327316892938,3.04049613105863,1.78862230922049,-0.0693676772076457,2.66489945488873,-25.243205813237,39.1430302663327,-2.12297529154647,-5.85726499167408,-0.612962443256227,35.0818919604638,-0.522251693126489,0.0101002462512296,-0.277954504626063,-2.07437201716449,-0.197521245132375,0.726603542997299
I_BB002,1.20944593128886,1.74468234591604,0.954775661453013,1.24410742032185,-11.6755762697526,1.63194481593651,33.8996960743078,1.59215543238556,9.7746301729151,1.00911030770461,6.3018563777361,-1.30350113936785,,-0.40034050542142,3.59834712952881,1.37896908534617,0.514189324567981
I_BB012,1.12176907618011,-1.84601291023303,-1.1074970822729,-0.795793016851437,2.10620017470818,2.62188570314924,-7.24884391392366,0.969225988737576,-18.0363787794197,0.406951800575195,-21.6479914712672,-0.509757091165057,,-0.138880352109474,2.6260646949293,0.82637970714906,-0.0373076100018653
I_BB015,0.82285640770037,-2.58831170169748,-1.61724233473221,-0.986741246425889,1.44167276485408,9.23758794140122,-10.9920726832857,1.04396050573995,3.9890797033624,-0.305971557357392,-18.9723000576336,-1.08476401097614,0.00524600114477856,-0.145426600936312,-2.70041087320838,-0.278576833216485,-0.247165053968236
I_BB022,1.29300211067386,2.54889331598319,-0.427294796925883,0.262949842359818,-2.35748807017598,0.968819933351725,-9.66914192743636,-0.58206086661811,7.15874951092603,-0.248700565162716,5.24601595686934,-0.13333913794618,0.00130038542020364,0.555393004023001,2.30317926516305,0.876460998147249,-0.183315756165155
I_BB028,0.343335434327525,0.756353110293798,-1.19327414595819,-0.694505491735083,-0.992153139461003,-7.55867705655363,36.9950882145313,0.515736850962241,5.15301553616373,-0.0142770026369861,-11.5548816746138,-0.390380721450345,,-0.416209685590243,0.78760799312965,-0.0572112762743293,0.581171954229256
I_BB031,0.928669878803353,-0.791353435611083,1.1272405258822,1.08523321603231,-2.78164233824489,13.6532910970507,-7.85875925710614,1.3380969696489,-21.1399866048423,0.531484063521472,-21.399722010601,0.387536175132751,0.000489373394213679,-0.168916830333767,-1.76182189274664,-0.650274281457996,-0.145707970526262
I_BB039,1.5710738520408,-3.06194408485613,-4.48637813202125,-2.39728236847042,1.7126092171274,-6.08513391430139,-13.0244440181457,-1.5531105846782,-6.28911765762118,-0.471682805426863,-4.87758442288129,-0.621906036678322,,-0.407049570043206,-0.193351641411224,-0.123811732331748,-0.294134699559792
I_BB049,1.51867896935353,-1.82709402446149,-3.13923206609283,-1.39502718580518,10.7187000987902,18.8565236957207,-11.6543412817682,2.52698024654843,-7.50445970541329,-0.151059238182449,-23.3051316645094,0.30354905592219,0.0170680165213344,0.329534898997798,-3.73915100467485,-1.11788581759845,-0.0810475112044396
I_BB056,0.0147258434657477,-4.15132533852486,-5.53910541995433,-4.63094525983394,1.65389002136803,-12.2736227639462,52.4619544697375,0.317457303715914,-29.7560845009789,0.0786409329794667,-13.4281342968961,-0.101048197718849,0.00140328937609971,0.288036914410505,0.154795931824449,-0.404756786236192,1.08638117333669
I_BB070,0.890797201269555,0.754130903725531,0.585452520649753,0.419970353161759,-4.55441054180633,13.1015956742128,8.26662515973352,1.7089466126004,14.5719674491637,-0.0712655661429284,-17.9962176845722,-0.776077225632609,,-0.0426320644017,2.99669275809577,0.384871894346135,-0.156553546949175
I_CC003,-0.00647697000004245,0.549041088276487,0.763418660705448,0.378859593940549,-8.59366388372281,0.22711144212999,16.2030239920917,0.681896819608497,-15.7107982442521,-0.23156333763023,5.5303920928739,0.360960666001926,,-0.396161621051913,6.02926778405485,1.15202753842048,0.231370307989218
I_CC044,-0.302804892531183,2.00822748789801,3.02979232779105,1.99116892244833,-13.5980321053368,8.15671902490708,-16.5456470748135,-0.569035701771783,3.66283095728697,-0.362657753910476,9.76986404547265,0.332135426727727,,-0.254841736934685,2.5815743202486,0.536815022780332,-0.483143572021194
I_CC048,0.117827948573945,0.155500644528788,0.927503731588867,1.07327760115307,-4.10468065269455,7.41682829543135,16.6245178833869,2.20823091385024,-1.78541470231067,-0.202773632483882,-14.9334800099151,0.518411632725926,,-0.19836641455989,1.5416757765957,0.640570900212344,0.385804843959133
I_CC052,0.145649324474121,-0.132646374748398,-1.31902299591727,-0.324794035570705,11.3532392832055,-25.7327221603062,-47.4228555023576,-4.98338195067644,-14.9196428698218,0.188221434545099,16.4502350295751,-1.39321569007645,-0.0119448254261063,0.253188758438865,5.00742559840291,2.3897900166954,-1.3684600073513
I_CC055,-0.0495325983388523,-1.22080151275021,4.02245100643912,3.14979196720345,-11.4762128268275,-3.56080712430576,-8.04555291822144,-0.870023857806487,-0.803340905359023,-0.0848800847244284,20.3652113666774,-0.0260137936246816,-0.00676390292415125,-0.153126777562412,-1.37793719456641,-0.0931502787889009,-0.442003589655739
I_CC057,-0.342310677742991,0.713227499542643,2.4764914635264,2.07128894447154,-4.40697290042125,-10.4493107972011,-47.9345800747538,-3.73485735199616,-26.4329142845086,-0.135403345084881,10.6690877083959,0.171125638209592,,-0.282685441011536,0.804333133536616,0.370375716795448,-1.07679400309857
I_CC059,0.429498780898698,1.06783400189905,2.57419473914166,1.9521345732896,-2.52480598217054,0.549357263186475,22.9951027746675,0.864103465206163,-22.482745334592,1.09861951954657,-3.74335320617379,-1.00297963791006,,-0.42155811686049,1.8495776081487,0.565102583120737,-0.0276725393442112
I_CC067,0.208380410546597,4.84463050482472,4.97661945283519,4.68779669079102,-0.771092252004313,-12.7840933652289,-6.91086394301,-2.20176552329661,-0.183370383781737,-0.489420186357049,7.46802862487981,-1.1262293569385,,-0.640770731016074,-6.546437543219,-0.896823766813942,-0.718841840291156
I_CC070,-0.000178429866941839,0.244194386318534,3.64161167719851,3.75947709218117,-9.60677539449599,2.31175438694424,-34.630242464199,-1.68081538445306,-4.98471524330979,-0.075735268730441,-12.3589171931899,0.0313475488389449,,0.00952154147809074,-5.13393830354176,-1.07352401157721,-0.741148370185399
I_CC075,0.233044821345824,1.51103982408404,1.63752948697361,1.11449428456631,-11.2103342807329,6.0053344028878,-34.045560987316,-1.51489612972779,9.41307794235219,0.0821318456076967,13.143164880243,-1.01404987027175,,-0.205900944061045,-2.52360370941997,-0.504449790575983,-0.838813063269313
I_J012,-0.691574070522359,3.04810739973955,0.711318792671092,0.790425292047691,-7.28537784386172,-1.00161601252955,-12.0521816391684,-0.169416663507973,-2.28600279808337,-0.417448887928441,6.2447655294523,1.04646925022137,,0.0169386806356919,-1.80792284401219,-0.208536481308945,-0.1242701090685
I_J030,-0.0365118597547228,0.0432120844395754,-0.937324676627405,-2.34334364729365,4.91788704526672,-4.53957368279407,36.1185175087514,1.62811399383694,10.7984024837017,1.5228099825421,5.3702548979126,0.949336255962459,,-0.378129909331483,-2.86882842780857,-0.699610677654983,1.00002930096078
I_J033,0.0633355444517737,0.349889706143661,-0.780241849467283,0.281896197597883,-0.382606843255857,16.0508371018858,-38.2255230862496,0.318914704928137,-20.6552511972914,-1.57621864872475,-29.5310480019587,-0.129937105891829,,-0.276590468878911,4.36468308822123,0.636548301436515,-0.739142344795156
I_J036,0.239633667638408,2.32930849372745,3.23322288602633,1.8594044908501,-5.80188743154782,-6.21116034867651,19.9993571287504,0.547649324822413,14.8008353268651,0.406016632526033,26.769687367581,0.488697949325607,0.00636826058954435,0.124735836840192,-4.62673307734934,-1.12258297455475,0.491902916136955
I_J046,-0.303741992630236,0.599179882003956,0.067526398518104,-0.0119999975369061,0.609428397473628,-8.440990120154,56.7178335688189,1.38805779302604,14.8281879428133,-0.667145123489784,-1.3298243833325,0.776343025158214,,-0.359419047779384,-3.32021333480882,-1.17769522059461,1.16913253265999
I_J054,0.304934474660663,-0.443395005125423,0.300408353093837,0.109227404081159,13.9276179254432,22.7078607550386,-44.6673719864416,1.29327477920141,9.16394072047288,-0.186959861738344,5.60198803859895,1.48309847263503,,0.0835811494456028,4.10812119397586,0.924187393480743,-0.496977900746768
I_J056,0.374988649886332,-0.648168871360434,-0.301929468374514,-0.150762736263933,-0.853926094423885,-12.5444963899489,25.8347095386072,-0.950754662889236,0.336751924961513,-1.28993391039897,3.75958834347986,-0.36860939101993,,-0.342704777394245,-4.36310476775258,-1.28629645704415,0.289355705005223
I_J063,-0.45076974438577,0.813440354109672,0.971343530342709,-0.150704269447869,0.475533119398421,-0.64186637102106,-10.0959209586336,-0.11155992036601,-5.17608012796346,-1.19020220216628,22.5399796442232,0.0639599004182506,,-0.465287823429748,-0.107832501602509,0.231625079520885,-0.141206237787057
I_J064,0.218761054341475,1.18932757103537,1.0116704560183,0.644900209854421,3.69411284478096,-5.17431324811678,-9.15525992473285,-0.364248743945487,-8.10131951421739,-0.286859957491249,-30.2059718862147,-0.225603955053748,,0.160695395146109,1.24899760023197,0.649739210900836,-0.129985668514663
I_J069,-0.23196909300266,-1.36670592909206,-0.418518619583077,-1.12375685165205,0.631135545600447,22.6242978406279,-46.4872677275866,0.0745526537981671,6.52483705427486,-0.143752961218423,24.4109918299489,-0.126497682830239,,0.0497740960321919,0.0236540215534111,-0.303567310816119,-0.741162874445521
I_M007,-0.6190574142133,-2.91860908959394,-1.98732682163448,-3.41713115557159,3.13304808877541,-3.28064026897523,26.2559197077062,1.10814250171503,11.8878441966367,-0.368822015204818,-8.35226610098955,-0.817611709477229,,0.170447181407807,1.30392311578738,1.00664660340307,0.489364926953968
I_M013,-0.845436985740917,0.595724698737388,3.33919248983804,1.1786336524136,-9.59930899321419,-7.63659989651874,-3.01309974158152,-1.89472445550059,-2.35734592004679,0.244846025909013,9.58100652980697,0.313912529663771,,0.14427546661617,-1.75692730615425,-0.727039187751481,-0.278403761912549
I_M014,-0.507167885503412,-3.29255972326222,-4.49161593408026,-3.23256766058193,3.33892438158819,13.3304690746009,-36.1859466005116,0.438789779597849,13.56500147196,-0.253893726230885,-6.27499740633717,0.0850293747728551,,0.283087175192422,10.8639392397637,3.10919271700355,-0.45421887998634
I_M024,-1.1796912365772,-3.00185552119165,-3.64317324443335,-3.84268046703862,1.20851043675628,-7.47359405053824,26.8392837499872,0.771941557998756,-8.92523191677077,-0.284480795345786,-30.361876061575,0.0918280306262174,,0.217402230013808,2.57312951880652,0.639172805155944,0.752376325345047
I_M026,-0.289610247696022,0.263330313034698,0.249214853645152,-0.157905260253943,1.26531211789596,-9.12138605146093,22.7526398692632,-0.233454703357938,13.2098628049197,-0.298502176276236,-1.3255882096672,0.597594420384985,-0.00886406046372756,0.0288199689761078,-6.54636431874599,-1.25509195866332,0.600874127087764
I_M029,-0.322542552948853,-1.75894333979327,-3.64003785380148,-2.0542797485082,-3.61866849100503,1.54038096825064,15.6762653337461,2.08128116281211,-22.3317426344099,-0.164453131723994,-10.2036209185154,0.0738023612554398,0.000887238294155872,0.127137967514155,0.275925000529283,0.238423066278693,0.394531908322401
I_M047,-0.626639997913215,-0.890391850872599,-0.0443325313905802,-1.15645593442272,2.50754397152081,5.62191566089503,12.9593697101254,1.81738015849004,-19.9958139354372,0.198586974076651,0.255212130000448,0.818646605853882,,0.265006890090395,0.612080022877994,0.0713406144182101,0.430594532517307
I_M048,-0.759972031985042,-3.88239107106019,-2.35872145858422,-2.50857805924003,-9.7274835415157,0.109342233601913,-2.22243539803663,0.330037539742321,-2.80398990498122,0.403228451004281,14.3875876511394,-0.403468434393431,-0.00192558574961438,0.500503520544015,1.45700724846797,0.220871052085651,-0.165160319554025
I_M052,-0.725757937567751,-0.506126027167351,0.823293122085826,0.259078470840056,-5.20450404784057,-2.65471259083736,-19.7855049006774,-0.75355235296422,-15.8222721255934,0.133955539021776,13.8271789642993,0.591350653397232,,0.214073045440792,6.56273152726761,1.28410506928104,-0.315836286821673
I_M056,0.103553827758849,-1.23852273240495,-1.28879698443927,-0.070632519415879,-3.23372400023068,0.764659792837638,0.672644446465411,0.504327725420524,-26.3714223249417,0.236897466776585,2.91005600208366,-1.2575825223658,,-0.212782530015759,-0.0305964684452021,-0.0049076000827562,-0.267550087732017
I_W002,0.55846339412782,-4.48941537613852,-6.54125695933166,-3.85680611486643,3.53035505628302,5.35606894706897,-15.0584946187803,1.36294476456609,-2.85285428812794,0.0619079703966918,0.146625954454273,-0.0991883966570128,-0.00872456682273686,0.183789837367214,6.88454860870419,2.10197541098386,-0.0994665796990419
I_W010,0.610405118082827,-1.38164042014516,-0.0155875620505496,-0.041057475759986,4.45458248505366,-2.19514921281109,-7.2415892166132,-0.288321971445495,-12.4280392623963,-0.0546387093756278,9.5454918730915,0.0793987104007485,0.00117408734269189,0.0402320507679887,0.214646923328063,-0.303187830429523,-0.10039792211022
I_W034,1.31999232878787,-1.02177983272511,-3.95186941874371,-0.371696259569473,-1.13322030482604,-1.12361904026024,-46.8036599239379,-2.31303655156906,-2.52305926122237,0.456770746489739,21.5259983774946,-0.466953300624603,,0.0696542187655648,-6.34343153191212,-0.6038166062603,-0.837840433020367
I_W036,0.180772001467275,0.96731727305607,2.2007777548113,1.24306278469727,-6.81404836250889,3.59374032102141,-11.417529190162,0.181155686915123,4.20678001383709,0.151032713755441,10.9177582687833,-0.43351647906935,-0.0112148615996009,-0.11280405347844,-1.74168953002506,-0.461663064200024,-0.227823522363184
I_W037,0.0657050282114013,2.30605057160634,4.43129267140198,4.52624884213857,-9.96734259859089,17.6677600859254,-57.4637283842246,-1.15052483565666,3.75643064781101,0.170612112736942,18.3779022644836,-0.2142220693209,,0.113916103170541,2.75975448404329,0.0672896990609656,-1.10720081367912
I_W044,0.996064161498714,-1.83926559210592,-0.439624030603036,-1.70924887659443,14.999442962643,6.76651320992857,-29.0971582626901,0.393415219584627,-11.6891292735057,0.191769852750016,-23.5182154341144,0.119212985969795,,0.160014112894157,-1.55034489781536,-0.25448581775679,-0.253821922720583
I_W045,0.826153535508345,0.182851055290034,-2.59580014217183,-1.39530761989736,-10.82041982595,2.78030165674777,-14.4870227476635,-0.591015267843842,-6.4846667692125,-0.0427353045338639,-21.4168409440245,-0.459692960866226,-0.00931609576218829,0.105200263827082,-2.62279065050548,0.777991144573349,-0.347540492667892
I_W046,0.606412049233129,-1.54925528986156,-0.471695628806016,-1.07340892393005,8.17510777129133,-8.91741903023233,17.5938577890763,-0.0656172667654397,-10.1884331178972,0.236648445498994,-14.7156213085734,0.502949419655897,,-0.2768685538988,-3.25908560695773,-0.471847357312917,0.416486284951131
I_W049,0.427046748461324,-1.28056564390115,-0.792810007398646,-1.15507155060505,-2.34180563893027,-14.187676878711,-12.1524265889062,-2.36508088321878,-4.11919628622727,0.281422171758079,12.3033972078061,-0.350230304288695,,-0.238964454256777,-2.63760400948913,-0.171512813742367,-0.284329320758373
I_W050,0.763328295347904,2.76926011002664,1.50940628415311,1.57262672804657,-0.491200858940485,11.2187571145142,46.0073579700239,5.14365788385217,20.7722907395163,-0.542497298764027,-33.7173330468762,0.308732654034594,,-0.415552766643996,1.99463706658027,-0.158144156073336,0.856348294171704
JoPr_1990_102_001,0.302071256200166,1.52808208555017,1.40901194608194,2.44737561254304,-11.5956020969978,13.2002317401707,-37.4625423456583,0.305060486989511,-13.9233678269346,-0.679049623950201,-15.6506700869748,-2.09545890261311,,-0.0751949051460568,2.84166080078186,0.0850143210169958,-0.808869432431997
JoPr_1990_102_054,-0.621835508157919,-0.790690650585868,-1.44902246728313,-1.22587652608636,-0.68636656801271,-5.96461073266713,-28.0987330188391,-2.10520904529292,-13.1486643865415,0.198577335584997,5.61457831007319,0.219387123870839,,-0.0364748605473423,-3.18387775682381,-1.06871556696774,-0.476868271077552
JoPr_1990_102_097,-0.418546160529481,-1.60260559085695,-1.47075366645094,-2.47252934275842,7.71552475089474,11.8861294084539,-40.2482469953126,0.0591671075492288,-12.4075517286977,-1.24102522692867,-31.6930254257343,1.07908098130835,,-0.274589546764318,0.197516237893413,-0.194844604483659,-0.580015171963237
JoPr_1990_102_108,-0.411683956011769,-0.630355286201296,-0.358487348924519,0.514831369173603,2.6471138195062,-4.53278681683724,3.91834476623185,-0.771638821322597,2.24273122237852,-0.412137221106684,-0.195962135031506,0.0207435282881192,0.00854917770646797,0.290608928678308,-2.56439802120168,-0.760476552470054,0.0194035786317075
JoPr_1990_102_169,-0.715347177584285,0.292997448907264,2.4636070758373,3.40358516182031,1.46961225759445,10.2768330810232,-34.8741180216163,-0.244757499025359,-12.9889837258434,0.118478744084458,-1.81511011316566,0.298929620055971,4.50477495167702e-05,0.221781308966809,-3.57968090251812,-0.978584528530242,-0.512059620896159
JoPr_1990_102_179,0.333781157822199,2.35304351821745,4.17604852708931,1.47054418687504,-3.74910889021214,-5.91723612276106,-6.02952054595791,-1.16875131387142,-17.3185792591872,0.0228374459207878,6.80816959947749,0.0388342345176046,,-0.136807938071592,3.3106248454468,0.690820515679285,-0.0986540240032145
JoPr_1990_102_202,-0.213740833949311,-0.592113467715243,-2.7440975967661,-1.00244473593584,1.84944200103399,0.416230033606466,-35.4673874128303,-1.5842148893913,-9.84306706553623,0.152099358641603,14.5329529846387,0.799210606792817,,0.596282374354816,-2.82723590238942,-0.605232031364389,-0.725066172521684
JoPr_1990_102_232,0.13351265857575,0.875585260537566,-1.72628023368177,4.59427042505736,1.82437747104837,-1.16277686931384,-32.5160107715524,-1.99390143268346,-18.8871268596038,0.203884856151728,-11.2141461833402,-1.18225051223196,,1.05321044016846,-2.9434516897244,-0.462368436973133,-0.826512275950518
JoPr_1990_102_242,-0.365212911557663,-1.90741821253084,-1.74402214698475,-0.582623817765747,-5.98563020860702,1.81447258951634,1.34117430755433,-0.376802568544444,7.4473094911157,-0.731548897361156,21.9288103572808,-0.0852053856632691,,-0.58109162677612,-1.35493039488071,-0.797018299612311,-0.43338040552749
JoPr_1990_102_246,-0.645725579587002,6.94353053015675,5.01602173530317,2.77517678602545,-7.09162306941622,-13.0689756043725,-9.13383865092412,-2.71060065150153,-8.92171519014928,-0.576566396916321,24.6518295154485,-0.758720036935498,,-0.181372143644795,-6.1463423696722,-1.16733232040818,-0.597285146858934
JoPr_1990_102_257,-0.521005550869666,-1.08031648397723,-0.220454404767054,0.768980020590326,11.1193406534685,12.9350650705425,-32.1174340555575,0.239226926950001,-11.5938000616462,0.608120001504208,-33.86431162353,0.193199518557532,,-0.612079007145701,-0.801554554939994,-1.0868799347034,-0.619441017750845
NOVADI_0010,-0.454275451152424,1.64507848079336,4.21956790238087,1.49670261931862,4.81416218366463,-10.4432702459044,44.8851748722553,0.231189701242741,-7.99376700064712,-0.0180108089549497,-2.96400803647735,0.153590737519094,0.0129340817130074,0.542400025009727,2.7595813706556,0.760410614365901,0.977495974089047
NOVADI_0023,-0.925234480145015,1.59037196535246,-0.234976804800968,-2.18703881893869,-11.9376478925638,-14.1165897677233,24.343865674999,-1.75859492967548,4.23400687503407,-0.28232019570138,1.97376361832858,-0.997840406560944,-0.00366107847231967,-0.123217724648739,-3.48254374829819,-0.656120220922299,0.370869243173043
NOVADI_0042,-0.350348145967515,1.85252264939706,0.821929237678941,0.378866388991234,-0.815700652439989,5.85109737286892,-0.442501001595357,0.766073225260027,13.8473769766589,-0.266878041875909,7.46885164862664,0.844077674546553,-0.00836947179823245,0.0580733940203541,0.31725691019471,-0.0713739661632847,0.168327038556636
NOVADI_0114,0.373401353487633,0.671856916044193,1.6248077198466,0.883829686159892,0.573817155377327,11.4915681806557,-18.420543430173,0.65395358875932,25.6519118221235,-0.395647288908185,22.6962179411773,0.8785608577081,-0.00144824556426289,0.15386151452823,-3.72483738917542,-1.82069871227828,-0.103777809149208
NOVADI_0256,-0.46910252291015,7.15451351946933,9.61456362522002,8.24220379801636,-4.97002418135425,-0.188735642257493,-13.9099521240026,-0.704690908850017,14.9897935460841,-0.0718157120936102,9.46392265791999,-0.562095959497197,0.000314713226761322,-0.160525788755879,-2.34424019903257,-0.592818556175752,-0.229806937057874
NOVADI_0268,1.58862574375101,9.43759646759572,7.17514849882623,6.38356429598246,-1.59426370524714,-15.3748859191044,-55.3224247469352,-4.8177157743661,8.17511067194202,1.16766268500892,-11.2311193748892,-0.798411405990271,,-0.48398156776753,-4.3694975285038,-1.38924640592734,-1.19370650606218
NOVADI_0286,1.22212431532605,2.12753736169448,1.54131716302101,1.3098029098997,1.87988633898944,5.45697376867733,-13.7100044675301,0.0634159153207399,-11.4698860420837,0.679654608989387,-24.4423360818757,0.234559966494117,-0.00169529225860777,0.243828269186538,4.22115412735991,0.377243392482283,-0.288158383324218
NOVADI_0296,0.424374633903939,1.44960883894545,1.53124139200114,1.09855117488455,-9.82813068164479,-5.76345917426532,-1.23201584491369,-1.21761087055022,3.46227300152876,-0.111615300911832,-2.29577540603187,-0.526673488264721,-0.00377182020225376,-0.32674278777205,0.954352437333372,-0.0263178403282286,-0.252608449356132
NOVADI_0329,0.977065767827795,3.07245962562302,0.750108542823159,1.48478590908012,3.21429537193615,16.2966309146469,0.0468850142718852,3.12097627196874,2.76968448242396,0.531951853703398,5.11146327253854,0.489834400300458,-0.00168554810442311,-0.21717751907438,5.29096759313698,0.886290332815643,0.021805310082148
NOVADI_0330,1.44923712792433,1.9607406993185,0.186504207131318,1.25327988313298,1.90527906960247,1.66108459697891,38.0532446283787,2.42158093064513,11.2787015924953,-0.107734204273916,-5.20777554880321,0.517016606727419,-0.00472862952619736,-0.212764228724021,5.07922109484235,0.784110314534689,0.66450836106827
NOVADI_0347,1.00891325406746,0.32007940933062,0.386115371462901,1.69028956844015,-1.69240467011422,5.83115709308495,-22.5731367136133,-0.730533959476338,5.72442101419143,1.54292873193374,-20.8897844861673,0.19835580603245,0.000367525968442984,-0.752372552977962,-2.12147041713082,-0.531348045240362,-0.428333771704093
NOVADI_0356,-0.200975611540113,2.94723103055832,1.49403624258604,1.2365434386759,-6.24957992732003,0.252539972341669,-1.90737240371991,-0.781132565869798,11.2954981311939,-0.881184787550994,29.9698462455237,0.161605793825911,0.00529146551008123,-0.587063213221504,-3.35768860559421,-0.453740611343119,-0.00377763663405531
NOVADI_0371,0.670148223453123,4.71389128945463,5.80487806357951,3.79974557261961,3.44919194665087,4.73414010337619,22.001655130204,2.46519887506242,11.9883371639775,-0.0957490129063697,7.83598297809152,0.432975968731439,-0.0019481602994339,-0.35969432453212,4.60155641595174,1.07318234650682,0.577057671841853
NOVADI_0382,1.46667990911336,0.0970362269427045,0.519719628486064,0.881780760079929,2.17663603878529,-5.86473097895563,8.27211711420444,-1.07652362528588,6.14849831338792,0.908354843398001,-9.94486281856218,0.384779391475269,,-0.623879146593181,1.4248285000461,0.179582777216798,0.0622730701168751
NOVADI_0622,-0.0752450145764831,-0.700093200631654,-2.49883518362494,-0.814091041203879,-6.77128874078041,3.36464785472529,-20.2567159333049,-0.62681670108317,6.21980274183884,-0.301509282610999,11.4306138288639,-0.623815640579252,-0.00270649741365183,0.231583096719435,1.92933782440939,0.262853710197393,-0.351801137969991
NOVADI_0731,0.027385491907107,1.95489633359306,-0.380327469960818,2.51441154554009,4.17187517621715,5.32053773387568,-40.2360465059939,-0.804148783288758,20.5193864389971,0.503346758054698,17.9369935769696,0.362095454294939,-0.00635173602226426,-0.0227748426744331,2.56583600749294,0.136372560648157,-0.597242127030718
NOVADI_0766,-0.0857830204074815,-1.45917299434392,-4.67347873466406,-2.53101564905687,7.59889915682344,1.79650752091171,-17.2610408977994,-0.379535884206386,-3.93321360215471,0.399696794463644,32.6206484046705,0.688494594215935,-0.00565440657339468,0.0859687765427544,6.63157753901964,1.39891480516617,-0.215403608202269
NOVADI_0980,-0.368071551866696,1.41379558966171,3.04620137605776,1.89813901573168,-12.2818644116732,-6.10702657908411,1.25324224939267,-1.24021513391842,8.95893431505462,-0.2877566106974,21.3007185629878,-0.129407978216802,-0.00789153401858978,-0.140551148564025,-2.91596901414754,-0.541222884183113,-0.0258882033837765
NOVADI_1015,0.0970231108952315,-2.5430609296594,-0.552955628134093,-1.30292374793985,-3.10047375069071,-1.61731412410983,-6.02546002356872,-0.815951465761651,-14.4430459147823,-0.754547877695105,18.5200259664862,-0.737518619305828,-0.0055260240532096,-0.288063273708263,2.84480701624394,1.00388375132126,-0.231181066743667
TeBr_012,1.63469015563155,-3.65643472926172,-5.18916543012864,-2.96244108852796,23.553148789804,8.14676648128184,-4.0449440216555,0.949669720667974,-1.6403816110192,0.442307765069704,-12.0887421515699,0.978062899828104,,0.230059019183098,-3.71558793302328,-0.914409406429236,-0.297927695383284
TeBr_021,1.45282677439334,-1.42878721401742,-0.600933134603059,-1.21917153533846,-1.09882539274287,11.0517756618659,-39.5781105956912,-0.536339910234668,11.6886091563653,0.854731779589241,0.0208124309202186,-0.474152357801489,,1.02227859957895,0.502003805643621,0.000530899286420878,-0.888000693920415
TeBr_022,-1.36849811822056,-3.70322306072767,-4.55752639136675,-1.86143901186522,3.96238705754634,-1.67594236533301,23.5293863146117,0.424077432745711,3.13759175649764,-0.0113636790016957,-6.64474790276426,0.850756537804449,-0.00115401367244687,0.470222606862355,2.43364002955481,0.574528381084277,0.573457276410715
TeBr_027,0.647393878053435,-2.6994356459985,-0.891232310027567,-0.517326270281053,-2.24815364177482,-11.0638151407757,-11.2512082541038,-2.78834450784846,6.10107600419476,1.22992700740545,-26.6130697806435,-1.32148483593785,,1.67251589282126,-5.90465841758514,-1.58429944496298,-0.796136042937254
TeBr_043,0.633158159896958,-4.04126209375205,-6.63399637173201,-6.88889095821494,20.7028860138794,-6.46547142914483,57.8167451078697,1.14516447788361,-8.0007776442428,-0.211968423051142,-32.8008107612082,0.704895414927843,,1.99909567103754,-1.0971881815675,-0.1795455364453,1.11908612720378
TeBr_071,0.731687577707869,-0.760298764628888,-0.142604787868649,-0.044904925071577,-5.19484721133728,3.29523379715834,-9.491218766826,-0.520251550575175,10.3892136987554,-0.120312462441466,24.8408311593879,-0.364194560748307,0.00149602179292046,0.469205485432377,-0.903664464230806,-0.264357064890763,-0.544948268898691
TeBr_084,1.04456706956043,-2.88002739112724,-2.52992807793522,-2.75134501756864,8.96879679143235,0.717088097269195,-30.2750025089165,-0.901152081003064,-13.8116662881142,0.827884760686102,-15.1865218901887,0.117644786408109,,-0.12501481111053,4.1460344347103,0.554271835298322,-0.636768565268322
TeBr_180,0.566186949118202,-0.43594497238898,0.362689638468159,0.7426079415178,9.34508657825507,12.3533250557868,-10.4525759284263,1.79830891963472,3.44154834684988,-0.0174193471748086,-14.2359112195826,1.36892190000218,,0.0132321609086413,6.69937491432472,0.57941611302468,0.0339837478553296
TeBr_248,0.913709528714569,-0.690998496098603,-2.91623520957447,-0.881190587347534,3.66741914388461,-7.8310487421889,47.111778930487,0.618989045971818,11.2942606185689,1.0055534498534,-2.35892469178658,0.300102968978706,,-0.419111856412474,-3.77684926637575,-0.855157845519323,0.703297402739727
TeBr_263,1.31969909588306,0.530567278505693,0.833398442810092,0.317578322128147,-2.54146651786869,1.7801000690324,21.6963110884755,1.45513145926299,3.1692083769365,-0.0512225931677995,-0.298079757839015,-0.0266161917144221,0.00336815571125879,0.725714997998439,-1.49352354124968,-0.424809778076563,0.483852064796534
